0 Cybertruck exterior digital candidate
0 !LEGO_BUILDER_REVISION f172ee1f380d411589f1aedcdfc46fee58170d5df7f238ab1273fb0cd4c12751
0 Mechanical connections and assembly order are not verified.
0 // left stainless lower shell
1 71 -220 -265.627538 -619.139797 0 1 0 -1 0 0 0 0 1 26603.dat
0 // left stainless lower shell / backing
1 72 -212 -265.627538 -619.139797 0 1 0 -1 0 0 0 0 1 3021.dat
0 // left stainless lower shell
1 71 -220 -205.627538 -619.139797 0 1 0 -1 0 0 0 0 1 26603.dat
0 // left stainless lower shell / backing
1 72 -212 -205.627538 -619.139797 0 1 0 -1 0 0 0 0 1 3021.dat
0 // left stainless lower shell
1 71 -220 -145.627538 -619.139797 0 1 0 -1 0 0 0 0 1 26603.dat
0 // left stainless lower shell / backing
1 72 -212 -145.627538 -619.139797 0 1 0 -1 0 0 0 0 1 3021.dat
0 // left stainless lower shell
1 71 -220 -95.6275381 -619.139797 0 1 0 0 0 1 1 0 0 3068b.dat
0 // left stainless lower shell / backing
1 72 -212 -95.6275381 -619.139797 0 1 0 0 0 1 1 0 0 3022.dat
0 // left stainless lower shell
1 71 -220 -265.627538 -579.139797 0 1 0 -1 0 0 0 0 1 26603.dat
0 // left stainless lower shell / backing
1 72 -212 -265.627538 -579.139797 0 1 0 -1 0 0 0 0 1 3021.dat
0 // left stainless lower shell
1 71 -220 -205.627538 -579.139797 0 1 0 -1 0 0 0 0 1 26603.dat
0 // left stainless lower shell / backing
1 72 -212 -205.627538 -579.139797 0 1 0 -1 0 0 0 0 1 3021.dat
0 // left stainless lower shell
1 71 -220 -145.627538 -579.139797 0 1 0 -1 0 0 0 0 1 26603.dat
0 // left stainless lower shell / backing
1 72 -212 -145.627538 -579.139797 0 1 0 -1 0 0 0 0 1 3021.dat
0 // left stainless lower shell
1 71 -220 -95.6275381 -579.139797 0 1 0 0 0 1 1 0 0 3068b.dat
0 // left stainless lower shell / backing
1 72 -212 -95.6275381 -579.139797 0 1 0 0 0 1 1 0 0 3022.dat
0 // left stainless lower shell
1 71 -220 -265.627538 -539.139797 0 1 0 -1 0 0 0 0 1 26603.dat
0 // left stainless lower shell / backing
1 72 -212 -265.627538 -539.139797 0 1 0 -1 0 0 0 0 1 3021.dat
0 // left stainless lower shell
1 71 -220 -205.627538 -539.139797 0 1 0 -1 0 0 0 0 1 26603.dat
0 // left stainless lower shell / backing
1 72 -212 -205.627538 -539.139797 0 1 0 -1 0 0 0 0 1 3021.dat
0 // left stainless lower shell
1 71 -220 -145.627538 -539.139797 0 1 0 -1 0 0 0 0 1 26603.dat
0 // left stainless lower shell / backing
1 72 -212 -145.627538 -539.139797 0 1 0 -1 0 0 0 0 1 3021.dat
0 // left stainless lower shell
1 71 -220 -95.6275381 -539.139797 0 1 0 0 0 1 1 0 0 3068b.dat
0 // left stainless lower shell / backing
1 72 -212 -95.6275381 -539.139797 0 1 0 0 0 1 1 0 0 3022.dat
0 // left stainless lower shell
1 71 -220 -265.627538 -499.139797 0 1 0 -1 0 0 0 0 1 26603.dat
0 // left stainless lower shell / backing
1 72 -212 -265.627538 -499.139797 0 1 0 -1 0 0 0 0 1 3021.dat
0 // left stainless lower shell
1 71 -220 -205.627538 -499.139797 0 1 0 -1 0 0 0 0 1 26603.dat
0 // left stainless lower shell / backing
1 72 -212 -205.627538 -499.139797 0 1 0 -1 0 0 0 0 1 3021.dat
0 // left stainless lower shell
1 71 -220 -145.627538 -509.139797 0 1 0 -1 0 0 0 0 1 63864.dat
0 // left stainless lower shell / backing
1 72 -212 -145.627538 -509.139797 0 1 0 -1 0 0 0 0 1 3623.dat
0 // left stainless lower shell
1 71 -220 -95.6275381 -509.139797 0 1 0 -1 0 0 0 0 1 3069b.dat
0 // left stainless lower shell / backing
1 72 -212 -95.6275381 -509.139797 0 1 0 -1 0 0 0 0 1 3023.dat
0 // left stainless lower shell
1 71 -220 -165.627538 -489.139797 0 1 0 0 0 1 1 0 0 3070b.dat
0 // left stainless lower shell / backing
1 72 -212 -165.627538 -489.139797 0 1 0 0 0 1 1 0 0 3024.dat
0 // left stainless lower shell
1 71 -220 -265.627538 -459.139797 0 1 0 -1 0 0 0 0 1 26603.dat
0 // left stainless lower shell / backing
1 72 -212 -265.627538 -459.139797 0 1 0 -1 0 0 0 0 1 3021.dat
0 // left stainless lower shell
1 71 -220 -215.627538 -459.139797 0 1 0 0 0 1 1 0 0 3068b.dat
0 // left stainless lower shell / backing
1 72 -212 -215.627538 -459.139797 0 1 0 0 0 1 1 0 0 3022.dat
0 // left stainless lower shell
1 71 -220 -185.627538 -469.139797 0 1 0 0 0 1 1 0 0 3070b.dat
0 // left stainless lower shell / backing
1 72 -212 -185.627538 -469.139797 0 1 0 0 0 1 1 0 0 3024.dat
0 // left stainless lower shell
1 71 -220 -265.627538 -419.139797 0 1 0 -1 0 0 0 0 1 26603.dat
0 // left stainless lower shell / backing
1 72 -212 -265.627538 -419.139797 0 1 0 -1 0 0 0 0 1 3021.dat
0 // left stainless lower shell
1 71 -220 -225.627538 -429.139797 0 1 0 0 0 1 1 0 0 3070b.dat
0 // left stainless lower shell / backing
1 72 -212 -225.627538 -429.139797 0 1 0 0 0 1 1 0 0 3024.dat
0 // left stainless lower shell
1 71 -220 -225.627538 -409.139797 0 1 0 0 0 1 1 0 0 3070b.dat
0 // left stainless lower shell / backing
1 72 -212 -225.627538 -409.139797 0 1 0 0 0 1 1 0 0 3024.dat
0 // left stainless lower shell
1 71 -220 -285.627538 -379.139797 0 1 0 -1 0 0 0 0 1 26603.dat
0 // left stainless lower shell / backing
1 72 -212 -285.627538 -379.139797 0 1 0 -1 0 0 0 0 1 3021.dat
0 // left stainless lower shell
1 71 -220 -235.627538 -379.139797 0 1 0 0 0 1 1 0 0 3068b.dat
0 // left stainless lower shell / backing
1 72 -212 -235.627538 -379.139797 0 1 0 0 0 1 1 0 0 3022.dat
0 // left stainless lower shell
1 71 -220 -285.627538 -339.139797 0 1 0 -1 0 0 0 0 1 26603.dat
0 // left stainless lower shell / backing
1 72 -212 -285.627538 -339.139797 0 1 0 -1 0 0 0 0 1 3021.dat
0 // left stainless lower shell
1 71 -220 -235.627538 -339.139797 0 1 0 0 0 1 1 0 0 3068b.dat
0 // left stainless lower shell / backing
1 72 -212 -235.627538 -339.139797 0 1 0 0 0 1 1 0 0 3022.dat
0 // left stainless lower shell
1 71 -220 -285.627538 -299.139797 0 1 0 -1 0 0 0 0 1 26603.dat
0 // left stainless lower shell / backing
1 72 -212 -285.627538 -299.139797 0 1 0 -1 0 0 0 0 1 3021.dat
0 // left stainless lower shell
1 71 -220 -225.627538 -299.139797 0 1 0 -1 0 0 0 0 1 26603.dat
0 // left stainless lower shell / backing
1 72 -212 -225.627538 -299.139797 0 1 0 -1 0 0 0 0 1 3021.dat
0 // left stainless lower shell
1 71 -220 -185.627538 -289.139797 0 1 0 0 0 1 1 0 0 3070b.dat
0 // left stainless lower shell / backing
1 72 -212 -185.627538 -289.139797 0 1 0 0 0 1 1 0 0 3024.dat
0 // left stainless lower shell
1 71 -220 -285.627538 -259.139797 0 1 0 -1 0 0 0 0 1 26603.dat
0 // left stainless lower shell / backing
1 72 -212 -285.627538 -259.139797 0 1 0 -1 0 0 0 0 1 3021.dat
0 // left stainless lower shell
1 71 -220 -225.627538 -259.139797 0 1 0 -1 0 0 0 0 1 26603.dat
0 // left stainless lower shell / backing
1 72 -212 -225.627538 -259.139797 0 1 0 -1 0 0 0 0 1 3021.dat
0 // left stainless lower shell
1 71 -220 -175.627538 -259.139797 0 1 0 0 0 1 1 0 0 3068b.dat
0 // left stainless lower shell / backing
1 72 -212 -175.627538 -259.139797 0 1 0 0 0 1 1 0 0 3022.dat
0 // left stainless lower shell
1 71 -220 -125.627538 -239.139797 0 1 0 -1 0 0 0 0 1 26603.dat
0 // left stainless lower shell / backing
1 72 -212 -125.627538 -239.139797 0 1 0 -1 0 0 0 0 1 3021.dat
0 // left stainless lower shell
1 71 -220 -85.6275381 -249.139797 0 1 0 0 0 1 1 0 0 3070b.dat
0 // left stainless lower shell / backing
1 72 -212 -85.6275381 -249.139797 0 1 0 0 0 1 1 0 0 3024.dat
0 // left stainless lower shell
1 71 -220 -285.627538 -219.139797 0 1 0 -1 0 0 0 0 1 26603.dat
0 // left stainless lower shell / backing
1 72 -212 -285.627538 -219.139797 0 1 0 -1 0 0 0 0 1 3021.dat
0 // left stainless lower shell
1 71 -220 -225.627538 -219.139797 0 1 0 -1 0 0 0 0 1 26603.dat
0 // left stainless lower shell / backing
1 72 -212 -225.627538 -219.139797 0 1 0 -1 0 0 0 0 1 3021.dat
0 // left stainless lower shell
1 71 -220 -175.627538 -219.139797 0 1 0 0 0 1 1 0 0 3068b.dat
0 // left stainless lower shell / backing
1 72 -212 -175.627538 -219.139797 0 1 0 0 0 1 1 0 0 3022.dat
0 // left stainless lower shell
1 71 -220 -85.6275381 -229.139797 0 1 0 0 0 1 1 0 0 3070b.dat
0 // left stainless lower shell / backing
1 72 -212 -85.6275381 -229.139797 0 1 0 0 0 1 1 0 0 3024.dat
0 // left stainless lower shell
1 71 -220 -125.627538 -199.139797 0 1 0 -1 0 0 0 0 1 26603.dat
0 // left stainless lower shell / backing
1 72 -212 -125.627538 -199.139797 0 1 0 -1 0 0 0 0 1 3021.dat
0 // left stainless lower shell
1 71 -220 -85.6275381 -209.139797 0 1 0 0 0 1 1 0 0 3070b.dat
0 // left stainless lower shell / backing
1 72 -212 -85.6275381 -209.139797 0 1 0 0 0 1 1 0 0 3024.dat
0 // left stainless lower shell
1 71 -220 -285.627538 -179.139797 0 1 0 -1 0 0 0 0 1 26603.dat
0 // left stainless lower shell / backing
1 72 -212 -285.627538 -179.139797 0 1 0 -1 0 0 0 0 1 3021.dat
0 // left stainless lower shell
1 71 -220 -225.627538 -179.139797 0 1 0 -1 0 0 0 0 1 26603.dat
0 // left stainless lower shell / backing
1 72 -212 -225.627538 -179.139797 0 1 0 -1 0 0 0 0 1 3021.dat
0 // left stainless lower shell
1 71 -220 -175.627538 -179.139797 0 1 0 0 0 1 1 0 0 3068b.dat
0 // left stainless lower shell / backing
1 72 -212 -175.627538 -179.139797 0 1 0 0 0 1 1 0 0 3022.dat
0 // left stainless lower shell
1 71 -220 -85.6275381 -189.139797 0 1 0 0 0 1 1 0 0 3070b.dat
0 // left stainless lower shell / backing
1 72 -212 -85.6275381 -189.139797 0 1 0 0 0 1 1 0 0 3024.dat
0 // left stainless lower shell
1 71 -220 -125.627538 -159.139797 0 1 0 -1 0 0 0 0 1 26603.dat
0 // left stainless lower shell / backing
1 72 -212 -125.627538 -159.139797 0 1 0 -1 0 0 0 0 1 3021.dat
0 // left stainless lower shell
1 71 -220 -85.6275381 -169.139797 0 1 0 0 0 1 1 0 0 3070b.dat
0 // left stainless lower shell / backing
1 72 -212 -85.6275381 -169.139797 0 1 0 0 0 1 1 0 0 3024.dat
0 // left stainless lower shell
1 71 -220 -285.627538 -139.139797 0 1 0 -1 0 0 0 0 1 26603.dat
0 // left stainless lower shell / backing
1 72 -212 -285.627538 -139.139797 0 1 0 -1 0 0 0 0 1 3021.dat
0 // left stainless lower shell
1 71 -220 -225.627538 -139.139797 0 1 0 -1 0 0 0 0 1 26603.dat
0 // left stainless lower shell / backing
1 72 -212 -225.627538 -139.139797 0 1 0 -1 0 0 0 0 1 3021.dat
0 // left stainless lower shell
1 71 -220 -175.627538 -139.139797 0 1 0 0 0 1 1 0 0 3068b.dat
0 // left stainless lower shell / backing
1 72 -212 -175.627538 -139.139797 0 1 0 0 0 1 1 0 0 3022.dat
0 // left stainless lower shell
1 71 -220 -85.6275381 -149.139797 0 1 0 0 0 1 1 0 0 3070b.dat
0 // left stainless lower shell / backing
1 72 -212 -85.6275381 -149.139797 0 1 0 0 0 1 1 0 0 3024.dat
0 // left stainless lower shell
1 71 -220 -125.627538 -119.139797 0 1 0 -1 0 0 0 0 1 26603.dat
0 // left stainless lower shell / backing
1 72 -212 -125.627538 -119.139797 0 1 0 -1 0 0 0 0 1 3021.dat
0 // left stainless lower shell
1 71 -220 -85.6275381 -129.139797 0 1 0 0 0 1 1 0 0 3070b.dat
0 // left stainless lower shell / backing
1 72 -212 -85.6275381 -129.139797 0 1 0 0 0 1 1 0 0 3024.dat
0 // left stainless lower shell
1 71 -220 -285.627538 -99.1397968 0 1 0 -1 0 0 0 0 1 26603.dat
0 // left stainless lower shell / backing
1 72 -212 -285.627538 -99.1397968 0 1 0 -1 0 0 0 0 1 3021.dat
0 // left stainless lower shell
1 71 -220 -225.627538 -99.1397968 0 1 0 -1 0 0 0 0 1 26603.dat
0 // left stainless lower shell / backing
1 72 -212 -225.627538 -99.1397968 0 1 0 -1 0 0 0 0 1 3021.dat
0 // left stainless lower shell
1 71 -220 -175.627538 -99.1397968 0 1 0 0 0 1 1 0 0 3068b.dat
0 // left stainless lower shell / backing
1 72 -212 -175.627538 -99.1397968 0 1 0 0 0 1 1 0 0 3022.dat
0 // left stainless lower shell
1 71 -220 -85.6275381 -109.139797 0 1 0 0 0 1 1 0 0 3070b.dat
0 // left stainless lower shell / backing
1 72 -212 -85.6275381 -109.139797 0 1 0 0 0 1 1 0 0 3024.dat
0 // left stainless lower shell
1 71 -220 -125.627538 -79.1397968 0 1 0 -1 0 0 0 0 1 26603.dat
0 // left stainless lower shell / backing
1 72 -212 -125.627538 -79.1397968 0 1 0 -1 0 0 0 0 1 3021.dat
0 // left stainless lower shell
1 71 -220 -85.6275381 -89.1397968 0 1 0 0 0 1 1 0 0 3070b.dat
0 // left stainless lower shell / backing
1 72 -212 -85.6275381 -89.1397968 0 1 0 0 0 1 1 0 0 3024.dat
0 // left stainless lower shell
1 71 -220 -285.627538 -59.1397968 0 1 0 -1 0 0 0 0 1 26603.dat
0 // left stainless lower shell / backing
1 72 -212 -285.627538 -59.1397968 0 1 0 -1 0 0 0 0 1 3021.dat
0 // left stainless lower shell
1 71 -220 -225.627538 -59.1397968 0 1 0 -1 0 0 0 0 1 26603.dat
0 // left stainless lower shell / backing
1 72 -212 -225.627538 -59.1397968 0 1 0 -1 0 0 0 0 1 3021.dat
0 // left stainless lower shell
1 71 -220 -175.627538 -59.1397968 0 1 0 0 0 1 1 0 0 3068b.dat
0 // left stainless lower shell / backing
1 72 -212 -175.627538 -59.1397968 0 1 0 0 0 1 1 0 0 3022.dat
0 // left stainless lower shell
1 71 -220 -85.6275381 -69.1397968 0 1 0 0 0 1 1 0 0 3070b.dat
0 // left stainless lower shell / backing
1 72 -212 -85.6275381 -69.1397968 0 1 0 0 0 1 1 0 0 3024.dat
0 // left stainless lower shell
1 71 -220 -125.627538 -39.1397968 0 1 0 -1 0 0 0 0 1 26603.dat
0 // left stainless lower shell / backing
1 72 -212 -125.627538 -39.1397968 0 1 0 -1 0 0 0 0 1 3021.dat
0 // left stainless lower shell
1 71 -220 -85.6275381 -49.1397968 0 1 0 0 0 1 1 0 0 3070b.dat
0 // left stainless lower shell / backing
1 72 -212 -85.6275381 -49.1397968 0 1 0 0 0 1 1 0 0 3024.dat
0 // left stainless lower shell
1 71 -220 -285.627538 -19.1397968 0 1 0 -1 0 0 0 0 1 26603.dat
0 // left stainless lower shell / backing
1 72 -212 -285.627538 -19.1397968 0 1 0 -1 0 0 0 0 1 3021.dat
0 // left stainless lower shell
1 71 -220 -225.627538 -19.1397968 0 1 0 -1 0 0 0 0 1 26603.dat
0 // left stainless lower shell / backing
1 72 -212 -225.627538 -19.1397968 0 1 0 -1 0 0 0 0 1 3021.dat
0 // left stainless lower shell
1 71 -220 -175.627538 -19.1397968 0 1 0 0 0 1 1 0 0 3068b.dat
0 // left stainless lower shell / backing
1 72 -212 -175.627538 -19.1397968 0 1 0 0 0 1 1 0 0 3022.dat
0 // left stainless lower shell
1 71 -220 -85.6275381 -29.1397968 0 1 0 0 0 1 1 0 0 3070b.dat
0 // left stainless lower shell / backing
1 72 -212 -85.6275381 -29.1397968 0 1 0 0 0 1 1 0 0 3024.dat
0 // left stainless lower shell
1 71 -220 -125.627538 0.8602032 0 1 0 -1 0 0 0 0 1 26603.dat
0 // left stainless lower shell / backing
1 72 -212 -125.627538 0.8602032 0 1 0 -1 0 0 0 0 1 3021.dat
0 // left stainless lower shell
1 71 -220 -85.6275381 -9.1397968 0 1 0 0 0 1 1 0 0 3070b.dat
0 // left stainless lower shell / backing
1 72 -212 -85.6275381 -9.1397968 0 1 0 0 0 1 1 0 0 3024.dat
0 // left stainless lower shell
1 71 -220 -265.627538 20.8602032 0 1 0 -1 0 0 0 0 1 26603.dat
0 // left stainless lower shell / backing
1 72 -212 -265.627538 20.8602032 0 1 0 -1 0 0 0 0 1 3021.dat
0 // left stainless lower shell
1 71 -220 -205.627538 20.8602032 0 1 0 -1 0 0 0 0 1 26603.dat
0 // left stainless lower shell / backing
1 72 -212 -205.627538 20.8602032 0 1 0 -1 0 0 0 0 1 3021.dat
0 // left stainless lower shell
1 71 -220 -165.627538 10.8602032 0 1 0 0 0 1 1 0 0 3070b.dat
0 // left stainless lower shell / backing
1 72 -212 -165.627538 10.8602032 0 1 0 0 0 1 1 0 0 3024.dat
0 // left stainless lower shell
1 71 -220 -85.6275381 10.8602032 0 1 0 0 0 1 1 0 0 3070b.dat
0 // left stainless lower shell / backing
1 72 -212 -85.6275381 10.8602032 0 1 0 0 0 1 1 0 0 3024.dat
0 // left stainless lower shell
1 71 -220 -145.627538 40.8602032 0 1 0 -1 0 0 0 0 1 26603.dat
0 // left stainless lower shell / backing
1 72 -212 -145.627538 40.8602032 0 1 0 -1 0 0 0 0 1 3021.dat
0 // left stainless lower shell
1 71 -220 -95.6275381 40.8602032 0 1 0 0 0 1 1 0 0 3068b.dat
0 // left stainless lower shell / backing
1 72 -212 -95.6275381 40.8602032 0 1 0 0 0 1 1 0 0 3022.dat
0 // left stainless lower shell
1 71 -220 -265.627538 60.8602032 0 1 0 -1 0 0 0 0 1 26603.dat
0 // left stainless lower shell / backing
1 72 -212 -265.627538 60.8602032 0 1 0 -1 0 0 0 0 1 3021.dat
0 // left stainless lower shell
1 71 -220 -205.627538 60.8602032 0 1 0 -1 0 0 0 0 1 26603.dat
0 // left stainless lower shell / backing
1 72 -212 -205.627538 60.8602032 0 1 0 -1 0 0 0 0 1 3021.dat
0 // left stainless lower shell
1 71 -220 -145.627538 80.8602032 0 1 0 -1 0 0 0 0 1 26603.dat
0 // left stainless lower shell / backing
1 72 -212 -145.627538 80.8602032 0 1 0 -1 0 0 0 0 1 3021.dat
0 // left stainless lower shell
1 71 -220 -95.6275381 80.8602032 0 1 0 0 0 1 1 0 0 3068b.dat
0 // left stainless lower shell / backing
1 72 -212 -95.6275381 80.8602032 0 1 0 0 0 1 1 0 0 3022.dat
0 // left stainless lower shell
1 71 -220 -265.627538 100.860203 0 1 0 -1 0 0 0 0 1 26603.dat
0 // left stainless lower shell / backing
1 72 -212 -265.627538 100.860203 0 1 0 -1 0 0 0 0 1 3021.dat
0 // left stainless lower shell
1 71 -220 -205.627538 100.860203 0 1 0 -1 0 0 0 0 1 26603.dat
0 // left stainless lower shell / backing
1 72 -212 -205.627538 100.860203 0 1 0 -1 0 0 0 0 1 3021.dat
0 // left stainless lower shell
1 71 -220 -145.627538 120.860203 0 1 0 -1 0 0 0 0 1 26603.dat
0 // left stainless lower shell / backing
1 72 -212 -145.627538 120.860203 0 1 0 -1 0 0 0 0 1 3021.dat
0 // left stainless lower shell
1 71 -220 -95.6275381 120.860203 0 1 0 0 0 1 1 0 0 3068b.dat
0 // left stainless lower shell / backing
1 72 -212 -95.6275381 120.860203 0 1 0 0 0 1 1 0 0 3022.dat
0 // left stainless lower shell
1 71 -220 -265.627538 140.860203 0 1 0 -1 0 0 0 0 1 26603.dat
0 // left stainless lower shell / backing
1 72 -212 -265.627538 140.860203 0 1 0 -1 0 0 0 0 1 3021.dat
0 // left stainless lower shell
1 71 -220 -205.627538 140.860203 0 1 0 -1 0 0 0 0 1 26603.dat
0 // left stainless lower shell / backing
1 72 -212 -205.627538 140.860203 0 1 0 -1 0 0 0 0 1 3021.dat
0 // left stainless lower shell
1 71 -220 -145.627538 160.860203 0 1 0 -1 0 0 0 0 1 26603.dat
0 // left stainless lower shell / backing
1 72 -212 -145.627538 160.860203 0 1 0 -1 0 0 0 0 1 3021.dat
0 // left stainless lower shell
1 71 -220 -95.6275381 160.860203 0 1 0 0 0 1 1 0 0 3068b.dat
0 // left stainless lower shell / backing
1 72 -212 -95.6275381 160.860203 0 1 0 0 0 1 1 0 0 3022.dat
0 // left stainless lower shell
1 71 -220 -265.627538 180.860203 0 1 0 -1 0 0 0 0 1 26603.dat
0 // left stainless lower shell / backing
1 72 -212 -265.627538 180.860203 0 1 0 -1 0 0 0 0 1 3021.dat
0 // left stainless lower shell
1 71 -220 -205.627538 180.860203 0 1 0 -1 0 0 0 0 1 26603.dat
0 // left stainless lower shell / backing
1 72 -212 -205.627538 180.860203 0 1 0 -1 0 0 0 0 1 3021.dat
0 // left stainless lower shell
1 71 -220 -145.627538 200.860203 0 1 0 -1 0 0 0 0 1 26603.dat
0 // left stainless lower shell / backing
1 72 -212 -145.627538 200.860203 0 1 0 -1 0 0 0 0 1 3021.dat
0 // left stainless lower shell
1 71 -220 -95.6275381 200.860203 0 1 0 0 0 1 1 0 0 3068b.dat
0 // left stainless lower shell / backing
1 72 -212 -95.6275381 200.860203 0 1 0 0 0 1 1 0 0 3022.dat
0 // left stainless lower shell
1 71 -220 -265.627538 220.860203 0 1 0 -1 0 0 0 0 1 26603.dat
0 // left stainless lower shell / backing
1 72 -212 -265.627538 220.860203 0 1 0 -1 0 0 0 0 1 3021.dat
0 // left stainless lower shell
1 71 -220 -205.627538 220.860203 0 1 0 -1 0 0 0 0 1 26603.dat
0 // left stainless lower shell / backing
1 72 -212 -205.627538 220.860203 0 1 0 -1 0 0 0 0 1 3021.dat
0 // left stainless lower shell
1 71 -220 -145.627538 240.860203 0 1 0 -1 0 0 0 0 1 26603.dat
0 // left stainless lower shell / backing
1 72 -212 -145.627538 240.860203 0 1 0 -1 0 0 0 0 1 3021.dat
0 // left stainless lower shell
1 71 -220 -95.6275381 240.860203 0 1 0 0 0 1 1 0 0 3068b.dat
0 // left stainless lower shell / backing
1 72 -212 -95.6275381 240.860203 0 1 0 0 0 1 1 0 0 3022.dat
0 // left stainless lower shell
1 71 -220 -265.627538 260.860203 0 1 0 -1 0 0 0 0 1 26603.dat
0 // left stainless lower shell / backing
1 72 -212 -265.627538 260.860203 0 1 0 -1 0 0 0 0 1 3021.dat
0 // left stainless lower shell
1 71 -220 -205.627538 260.860203 0 1 0 -1 0 0 0 0 1 26603.dat
0 // left stainless lower shell / backing
1 72 -212 -205.627538 260.860203 0 1 0 -1 0 0 0 0 1 3021.dat
0 // left stainless lower shell
1 71 -220 -145.627538 280.860203 0 1 0 -1 0 0 0 0 1 26603.dat
0 // left stainless lower shell / backing
1 72 -212 -145.627538 280.860203 0 1 0 -1 0 0 0 0 1 3021.dat
0 // left stainless lower shell
1 71 -220 -95.6275381 280.860203 0 1 0 0 0 1 1 0 0 3068b.dat
0 // left stainless lower shell / backing
1 72 -212 -95.6275381 280.860203 0 1 0 0 0 1 1 0 0 3022.dat
0 // left stainless lower shell
1 71 -220 -265.627538 300.860203 0 1 0 -1 0 0 0 0 1 26603.dat
0 // left stainless lower shell / backing
1 72 -212 -265.627538 300.860203 0 1 0 -1 0 0 0 0 1 3021.dat
0 // left stainless lower shell
1 71 -220 -205.627538 300.860203 0 1 0 -1 0 0 0 0 1 26603.dat
0 // left stainless lower shell / backing
1 72 -212 -205.627538 300.860203 0 1 0 -1 0 0 0 0 1 3021.dat
0 // left stainless lower shell
1 71 -220 -145.627538 320.860203 0 1 0 -1 0 0 0 0 1 26603.dat
0 // left stainless lower shell / backing
1 72 -212 -145.627538 320.860203 0 1 0 -1 0 0 0 0 1 3021.dat
0 // left stainless lower shell
1 71 -220 -95.6275381 320.860203 0 1 0 0 0 1 1 0 0 3068b.dat
0 // left stainless lower shell / backing
1 72 -212 -95.6275381 320.860203 0 1 0 0 0 1 1 0 0 3022.dat
0 // left stainless lower shell
1 71 -220 -265.627538 330.860203 0 1 0 -1 0 0 0 0 1 63864.dat
0 // left stainless lower shell / backing
1 72 -212 -265.627538 330.860203 0 1 0 -1 0 0 0 0 1 3623.dat
0 // left stainless lower shell
1 71 -220 -205.627538 340.860203 0 1 0 -1 0 0 0 0 1 26603.dat
0 // left stainless lower shell / backing
1 72 -212 -205.627538 340.860203 0 1 0 -1 0 0 0 0 1 3021.dat
0 // left stainless lower shell
1 71 -220 -255.627538 360.860203 0 1 0 0 0 1 1 0 0 3068b.dat
0 // left stainless lower shell / backing
1 72 -212 -255.627538 360.860203 0 1 0 0 0 1 1 0 0 3022.dat
0 // left stainless lower shell
1 71 -220 -215.627538 370.860203 0 1 0 -1 0 0 0 0 1 3069b.dat
0 // left stainless lower shell / backing
1 72 -212 -215.627538 370.860203 0 1 0 -1 0 0 0 0 1 3023.dat
0 // left stainless lower shell
1 71 -220 -245.627538 400.860203 0 1 0 -1 0 0 0 0 1 26603.dat
0 // left stainless lower shell / backing
1 72 -212 -245.627538 400.860203 0 1 0 -1 0 0 0 0 1 3021.dat
0 // left stainless lower shell
1 71 -220 -245.627538 440.860203 0 1 0 -1 0 0 0 0 1 26603.dat
0 // left stainless lower shell / backing
1 72 -212 -245.627538 440.860203 0 1 0 -1 0 0 0 0 1 3021.dat
0 // left stainless lower shell
1 71 -220 -245.627538 480.860203 0 1 0 -1 0 0 0 0 1 26603.dat
0 // left stainless lower shell / backing
1 72 -212 -245.627538 480.860203 0 1 0 -1 0 0 0 0 1 3021.dat
0 // left stainless lower shell
1 71 -220 -245.627538 520.860203 0 1 0 -1 0 0 0 0 1 26603.dat
0 // left stainless lower shell / backing
1 72 -212 -245.627538 520.860203 0 1 0 -1 0 0 0 0 1 3021.dat
0 // left stainless lower shell
1 71 -220 -205.627538 530.860203 0 1 0 0 0 1 1 0 0 3070b.dat
0 // left stainless lower shell / backing
1 72 -212 -205.627538 530.860203 0 1 0 0 0 1 1 0 0 3024.dat
0 // left stainless lower shell
1 71 -220 -225.627538 560.860203 0 1 0 -1 0 0 0 0 1 26603.dat
0 // left stainless lower shell / backing
1 72 -212 -225.627538 560.860203 0 1 0 -1 0 0 0 0 1 3021.dat
0 // left stainless lower shell
1 71 -220 -185.627538 550.860203 0 1 0 0 0 1 1 0 0 3070b.dat
0 // left stainless lower shell / backing
1 72 -212 -185.627538 550.860203 0 1 0 0 0 1 1 0 0 3024.dat
0 // left stainless lower shell
1 71 -220 -175.627538 580.860203 0 1 0 0 0 1 1 0 0 3068b.dat
0 // left stainless lower shell / backing
1 72 -212 -175.627538 580.860203 0 1 0 0 0 1 1 0 0 3022.dat
0 // left stainless lower shell
1 71 -220 -225.627538 590.860203 0 1 0 -1 0 0 0 0 1 63864.dat
0 // left stainless lower shell / backing
1 72 -212 -225.627538 590.860203 0 1 0 -1 0 0 0 0 1 3623.dat
0 // left stainless lower shell
1 71 -220 -125.627538 600.860203 0 1 0 -1 0 0 0 0 1 26603.dat
0 // left stainless lower shell / backing
1 72 -212 -125.627538 600.860203 0 1 0 -1 0 0 0 0 1 3021.dat
0 // left stainless lower shell
1 71 -220 -85.6275381 590.860203 0 1 0 0 0 1 1 0 0 3070b.dat
0 // left stainless lower shell / backing
1 72 -212 -85.6275381 590.860203 0 1 0 0 0 1 1 0 0 3024.dat
0 // left stainless lower shell
1 71 -220 -205.627538 620.860203 0 1 0 -1 0 0 0 0 1 26603.dat
0 // left stainless lower shell / backing
1 72 -212 -205.627538 620.860203 0 1 0 -1 0 0 0 0 1 3021.dat
0 // left stainless lower shell
1 71 -220 -165.627538 610.860203 0 1 0 0 0 1 1 0 0 3070b.dat
0 // left stainless lower shell / backing
1 72 -212 -165.627538 610.860203 0 1 0 0 0 1 1 0 0 3024.dat
0 // left stainless lower shell
1 71 -220 -85.6275381 610.860203 0 1 0 0 0 1 1 0 0 3070b.dat
0 // left stainless lower shell / backing
1 72 -212 -85.6275381 610.860203 0 1 0 0 0 1 1 0 0 3024.dat
0 // left stainless lower shell
1 71 -220 -145.627538 630.860203 0 1 0 -1 0 0 0 0 1 63864.dat
0 // left stainless lower shell / backing
1 72 -212 -145.627538 630.860203 0 1 0 -1 0 0 0 0 1 3623.dat
0 // left stainless lower shell
1 71 -220 -95.6275381 630.860203 0 1 0 -1 0 0 0 0 1 3069b.dat
0 // left stainless lower shell / backing
1 72 -212 -95.6275381 630.860203 0 1 0 -1 0 0 0 0 1 3023.dat
0 // rocker sill
1 0 -224 -76.9380291 -210.537344 0 1 0 0 0 -1 -1 0 0 2431.dat
0 // rocker sill / backing
1 0 -216 -76.9380291 -210.537344 0 1 0 0 0 -1 -1 0 0 3710.dat
0 // rocker sill
1 0 -224 -76.9380291 -130.537344 0 1 0 0 0 -1 -1 0 0 2431.dat
0 // rocker sill / backing
1 0 -216 -76.9380291 -130.537344 0 1 0 0 0 -1 -1 0 0 3710.dat
0 // rocker sill
1 0 -224 -76.9380291 -50.5373441 0 1 0 0 0 -1 -1 0 0 2431.dat
0 // rocker sill / backing
1 0 -216 -76.9380291 -50.5373441 0 1 0 0 0 -1 -1 0 0 3710.dat
0 // rocker sill
1 0 -224 -76.9380291 29.4626559 0 1 0 0 0 -1 -1 0 0 2431.dat
0 // rocker sill / backing
1 0 -216 -76.9380291 29.4626559 0 1 0 0 0 -1 -1 0 0 3710.dat
0 // rocker sill
1 0 -224 -76.9380291 109.462656 0 1 0 0 0 -1 -1 0 0 2431.dat
0 // rocker sill / backing
1 0 -216 -76.9380291 109.462656 0 1 0 0 0 -1 -1 0 0 3710.dat
0 // rocker sill
1 0 -224 -76.9380291 189.462656 0 1 0 0 0 -1 -1 0 0 2431.dat
0 // rocker sill / backing
1 0 -216 -76.9380291 189.462656 0 1 0 0 0 -1 -1 0 0 3710.dat
0 // rocker sill
1 0 -224 -76.9380291 269.462656 0 1 0 0 0 -1 -1 0 0 2431.dat
0 // rocker sill / backing
1 0 -216 -76.9380291 269.462656 0 1 0 0 0 -1 -1 0 0 3710.dat
0 // rocker sill
1 0 -224 -76.9380291 319.462656 0 1 0 -1 0 0 0 -0 1 3070b.dat
0 // rocker sill / backing
1 0 -216 -76.9380291 319.462656 0 1 0 -1 0 0 0 -0 1 3024.dat
0 // dark side glazing
1 0 -197.264481 -339.127193 -158.029611 0.021474664 0.969061406 -0.245883772 0 0.245940488 0.969284931 0.999769393 -0.020815068 0.005281489 3068b.dat
0 // dark side glazing / backing
1 0 -189.511989 -337.15967 -158.196132 0.021474664 0.969061406 -0.245883772 0 0.245940488 0.969284931 0.999769393 -0.020815068 0.005281489 3022.dat
0 // dark side glazing
1 0 -196.405494 -339.127193 -118.038835 0.021474664 0.969061406 -0.245883772 0 0.245940488 0.969284931 0.999769393 -0.020815068 0.005281489 3068b.dat
0 // dark side glazing / backing
1 0 -188.653003 -337.15967 -118.205356 0.021474664 0.969061406 -0.245883772 0 0.245940488 0.969284931 0.999769393 -0.020815068 0.005281489 3022.dat
0 // dark side glazing
1 0 -188.814234 -368.205741 -108.199586 0.021474664 0.969061406 -0.245883772 0 0.245940488 0.969284931 0.999769393 -0.020815068 0.005281489 3070b.dat
0 // dark side glazing / backing
1 0 -181.061743 -366.238217 -108.366107 0.021474664 0.969061406 -0.245883772 0 0.245940488 0.969284931 0.999769393 -0.020815068 0.005281489 3024.dat
0 // dark side glazing
1 0 -193.08767 -348.820043 -78.1008744 0.245883772 0.969061406 0.021474664 -0.969284931 0.245940488 0 -0.005281489 -0.020815068 0.999769393 26603.dat
0 // dark side glazing / backing
1 0 -185.335179 -346.852519 -78.267395 0.245883772 0.969061406 0.021474664 -0.969284931 0.245940488 0 -0.005281489 -0.020815068 0.999769393 3021.dat
0 // dark side glazing
1 0 -202.708274 -310.048646 -67.8919209 0.021474664 0.969061406 -0.245883772 0 0.245940488 0.969284931 0.999769393 -0.020815068 0.005281489 3070b.dat
0 // dark side glazing / backing
1 0 -194.955783 -308.081122 -68.0584415 0.021474664 0.969061406 -0.245883772 0 0.245940488 0.969284931 0.999769393 -0.020815068 0.005281489 3024.dat
0 // dark side glazing
1 0 -194.687521 -339.127193 -38.0572838 0.245883772 0.969061406 0.021474664 -0.969284931 0.245940488 0 -0.005281489 -0.020815068 0.999769393 87079.dat
0 // dark side glazing / backing
1 0 -186.93503 -337.15967 -38.2238044 0.245883772 0.969061406 0.021474664 -0.969284931 0.245940488 0 -0.005281489 -0.020815068 0.999769393 3020.dat
0 // dark side glazing
1 0 -193.828534 -339.127193 1.9334919 0.245883772 0.969061406 0.021474664 -0.969284931 0.245940488 0 -0.005281489 -0.020815068 0.999769393 87079.dat
0 // dark side glazing / backing
1 0 -186.076043 -337.15967 1.7669714 0.245883772 0.969061406 0.021474664 -0.969284931 0.245940488 0 -0.005281489 -0.020815068 0.999769393 3020.dat
0 // dark side glazing
1 0 -188.051873 -358.512892 41.8186378 0.245883772 0.969061406 0.021474664 -0.969284931 0.245940488 0 -0.005281489 -0.020815068 0.999769393 87079.dat
0 // dark side glazing / backing
1 0 -180.299381 -356.545368 41.6521173 0.245883772 0.969061406 0.021474664 -0.969284931 0.245940488 0 -0.005281489 -0.020815068 0.999769393 3020.dat
0 // dark side glazing
1 0 -200.560808 -310.048646 32.0850184 0.021474664 0.969061406 -0.245883772 0 0.245940488 0.969284931 0.999769393 -0.020815068 0.005281489 3070b.dat
0 // dark side glazing / backing
1 0 -192.808316 -308.081122 31.9184978 0.021474664 0.969061406 -0.245883772 0 0.245940488 0.969284931 0.999769393 -0.020815068 0.005281489 3024.dat
0 // dark side glazing
1 0 -200.131315 -310.048646 52.0804062 0.021474664 0.969061406 -0.245883772 0 0.245940488 0.969284931 0.999769393 -0.020815068 0.005281489 3070b.dat
0 // dark side glazing / backing
1 0 -192.378823 -308.081122 51.9138857 0.021474664 0.969061406 -0.245883772 0 0.245940488 0.969284931 0.999769393 -0.020815068 0.005281489 3024.dat
0 // dark side glazing
1 0 -187.192886 -358.512892 81.8094135 0.245883772 0.969061406 0.021474664 -0.969284931 0.245940488 0 -0.005281489 -0.020815068 0.999769393 87079.dat
0 // dark side glazing / backing
1 0 -179.440395 -356.545368 81.642893 0.245883772 0.969061406 0.021474664 -0.969284931 0.245940488 0 -0.005281489 -0.020815068 0.999769393 3020.dat
0 // dark side glazing
1 0 -199.701821 -310.048646 72.0757941 0.021474664 0.969061406 -0.245883772 0 0.245940488 0.969284931 0.999769393 -0.020815068 0.005281489 3070b.dat
0 // dark side glazing / backing
1 0 -191.94933 -308.081122 71.9092735 0.021474664 0.969061406 -0.245883772 0 0.245940488 0.969284931 0.999769393 -0.020815068 0.005281489 3024.dat
0 // dark side glazing
1 0 -199.272328 -310.048646 92.0711819 0.021474664 0.969061406 -0.245883772 0 0.245940488 0.969284931 0.999769393 -0.020815068 0.005281489 3070b.dat
0 // dark side glazing / backing
1 0 -191.519837 -308.081122 91.9046614 0.021474664 0.969061406 -0.245883772 0 0.245940488 0.969284931 0.999769393 -0.020815068 0.005281489 3024.dat
0 // dark side glazing
1 0 -186.548646 -358.512892 111.802495 0.245883772 0.969061406 0.021474664 -0.969284931 0.245940488 0 -0.005281489 -0.020815068 0.999769393 2431.dat
0 // dark side glazing / backing
1 0 -178.796155 -356.545368 111.635975 0.245883772 0.969061406 0.021474664 -0.969284931 0.245940488 0 -0.005281489 -0.020815068 0.999769393 3710.dat
0 // dark side glazing
1 0 -198.842835 -310.048646 112.06657 0.021474664 0.969061406 -0.245883772 0 0.245940488 0.969284931 0.999769393 -0.020815068 0.005281489 3070b.dat
0 // dark side glazing / backing
1 0 -191.090343 -308.081122 111.900049 0.021474664 0.969061406 -0.245883772 0 0.245940488 0.969284931 0.999769393 -0.020815068 0.005281489 3024.dat
0 // dark side glazing
1 0 -190.822082 -339.127193 141.901207 0.245883772 0.969061406 0.021474664 -0.969284931 0.245940488 0 -0.005281489 -0.020815068 0.999769393 87079.dat
0 // dark side glazing / backing
1 0 -183.06959 -337.15967 141.734686 0.245883772 0.969061406 0.021474664 -0.969284931 0.245940488 0 -0.005281489 -0.020815068 0.999769393 3020.dat
0 // dark side glazing
1 0 -190.177842 -339.127193 171.894289 0.245883772 0.969061406 0.021474664 -0.969284931 0.245940488 0 -0.005281489 -0.020815068 0.999769393 2431.dat
0 // dark side glazing / backing
1 0 -182.42535 -337.15967 171.727768 0.245883772 0.969061406 0.021474664 -0.969284931 0.245940488 0 -0.005281489 -0.020815068 0.999769393 3710.dat
0 // dark side glazing
1 0 -191.992439 -329.434344 201.940185 0.245883772 0.969061406 0.021474664 -0.969284931 0.245940488 0 -0.005281489 -0.020815068 0.999769393 26603.dat
0 // dark side glazing / backing
1 0 -184.239948 -327.46682 201.773665 0.245883772 0.969061406 0.021474664 -0.969284931 0.245940488 0 -0.005281489 -0.020815068 0.999769393 3021.dat
0 // dark side glazing
1 0 -193.592291 -319.741495 241.983776 0.245883772 0.969061406 0.021474664 -0.969284931 0.245940488 0 -0.005281489 -0.020815068 0.999769393 87079.dat
0 // dark side glazing / backing
1 0 -185.839799 -317.773971 241.817255 0.245883772 0.969061406 0.021474664 -0.969284931 0.245940488 0 -0.005281489 -0.020815068 0.999769393 3020.dat
0 // dark side glazing
1 0 -195.192142 -310.048646 282.027367 0.245883772 0.969061406 0.021474664 -0.969284931 0.245940488 0 -0.005281489 -0.020815068 0.999769393 26603.dat
0 // dark side glazing / backing
1 0 -187.43965 -308.081122 281.860846 0.245883772 0.969061406 0.021474664 -0.969284931 0.245940488 0 -0.005281489 -0.020815068 0.999769393 3021.dat
0 // dark side glazing
1 0 -194.547902 -310.048646 312.020448 0.245883772 0.969061406 0.021474664 -0.969284931 0.245940488 0 -0.005281489 -0.020815068 0.999769393 63864.dat
0 // dark side glazing / backing
1 0 -186.795411 -308.081122 311.853928 0.245883772 0.969061406 0.021474664 -0.969284931 0.245940488 0 -0.005281489 -0.020815068 0.999769393 3623.dat
0 // dark side glazing
1 0 -196.3625 -300.355796 342.066345 0.021474664 0.969061406 -0.245883772 0 0.245940488 0.969284931 0.999769393 -0.020815068 0.005281489 3068b.dat
0 // dark side glazing / backing
1 0 -188.610008 -298.388272 341.899825 0.021474664 0.969061406 -0.245883772 0 0.245940488 0.969284931 0.999769393 -0.020815068 0.005281489 3022.dat
0 // dark side glazing
1 0 -198.177098 -290.662947 372.112242 0.021474664 0.969061406 -0.245883772 0 0.245940488 0.969284931 0.999769393 -0.020815068 0.005281489 3070b.dat
0 // dark side glazing / backing
1 0 -190.424606 -288.695423 371.945721 0.021474664 0.969061406 -0.245883772 0 0.245940488 0.969284931 0.999769393 -0.020815068 0.005281489 3024.dat
0 // dark side glazing
1 0 -197.747604 -290.662947 392.10763 0.021474664 0.969061406 -0.245883772 0 0.245940488 0.969284931 0.999769393 -0.020815068 0.005281489 3070b.dat
0 // dark side glazing / backing
1 0 -189.995113 -288.695423 391.941109 0.021474664 0.969061406 -0.245883772 0 0.245940488 0.969284931 0.999769393 -0.020815068 0.005281489 3024.dat
0 // dark side glazing
1 0 -197.318111 -290.662947 412.103017 0.021474664 0.969061406 -0.245883772 0 0.245940488 0.969284931 0.999769393 -0.020815068 0.005281489 3070b.dat
0 // dark side glazing / backing
1 0 -189.56562 -288.695423 411.936497 0.021474664 0.969061406 -0.245883772 0 0.245940488 0.969284931 0.999769393 -0.020815068 0.005281489 3024.dat
0 // stainless window perimeter
1 71 -201.804803 -287.985863 429.379708 -0.057191496 0.969116884 -0.239878299 0.309590536 0.245642718 0.918593139 0.949148478 -0.021728335 -0.31407809 2431.dat
0 // stainless window perimeter / backing
1 72 -194.051868 -286.020721 429.205881 -0.057191496 0.969116884 -0.239878299 0.309590536 0.245642718 0.918593139 0.949148478 -0.021728335 -0.31407809 3710.dat
0 // stainless window perimeter
1 71 -197.229483 -312.753106 353.44783 -0.057191496 0.969116884 -0.239878299 0.309590536 0.245642718 0.918593139 0.949148478 -0.021728335 -0.31407809 2431.dat
0 // stainless window perimeter / backing
1 72 -189.476548 -310.787964 353.274003 -0.057191496 0.969116884 -0.239878299 0.309590536 0.245642718 0.918593139 0.949148478 -0.021728335 -0.31407809 3710.dat
0 // stainless window perimeter
1 71 -192.654163 -337.520349 277.515951 -0.057191496 0.969116884 -0.239878299 0.309590536 0.245642718 0.918593139 0.949148478 -0.021728335 -0.31407809 2431.dat
0 // stainless window perimeter / backing
1 72 -184.901228 -335.555207 277.342125 -0.057191496 0.969116884 -0.239878299 0.309590536 0.245642718 0.918593139 0.949148478 -0.021728335 -0.31407809 3710.dat
0 // stainless window perimeter
1 71 -188.078844 -362.287592 201.584073 -0.057191496 0.969116884 -0.239878299 0.309590536 0.245642718 0.918593139 0.949148478 -0.021728335 -0.31407809 2431.dat
0 // stainless window perimeter / backing
1 72 -180.325908 -360.32245 201.410246 -0.057191496 0.969116884 -0.239878299 0.309590536 0.245642718 0.918593139 0.949148478 -0.021728335 -0.31407809 3710.dat
0 // stainless window perimeter
1 71 -183.503524 -387.054834 125.652195 -0.057191496 0.969116884 -0.239878299 0.309590536 0.245642718 0.918593139 0.949148478 -0.021728335 -0.31407809 2431.dat
0 // stainless window perimeter / backing
1 72 -175.750589 -385.089693 125.478368 -0.057191496 0.969116884 -0.239878299 0.309590536 0.245642718 0.918593139 0.949148478 -0.021728335 -0.31407809 3710.dat
0 // stainless window perimeter
1 71 -185.115924 -386.802463 52.8656118 0.092541612 0.96917728 -0.228323128 -0.289050787 0.245581094 0.925278103 0.952830359 -0.019629748 0.302867926 2431.dat
0 // stainless window perimeter / backing
1 72 -177.362506 -384.837814 52.7085739 0.092541612 0.96917728 -0.228323128 -0.289050787 0.245581094 0.925278103 0.952830359 -0.019629748 0.302867926 3710.dat
0 // stainless window perimeter
1 71 -192.519253 -363.6784 -23.3608168 0.092541612 0.96917728 -0.228323128 -0.289050787 0.245581094 0.925278103 0.952830359 -0.019629748 0.302867926 2431.dat
0 // stainless window perimeter / backing
1 72 -184.765835 -361.713751 -23.5178548 0.092541612 0.96917728 -0.228323128 -0.289050787 0.245581094 0.925278103 0.952830359 -0.019629748 0.302867926 3710.dat
0 // stainless window perimeter
1 71 -199.922582 -340.554337 -99.5872455 0.092541612 0.96917728 -0.228323128 -0.289050787 0.245581094 0.925278103 0.952830359 -0.019629748 0.302867926 2431.dat
0 // stainless window perimeter / backing
1 72 -192.169164 -338.589688 -99.7442835 0.092541612 0.96917728 -0.228323128 -0.289050787 0.245581094 0.925278103 0.952830359 -0.019629748 0.302867926 3710.dat
0 // stainless window perimeter
1 71 -205.475079 -323.21129 -156.757067 0.092541612 0.96917728 -0.228323128 -0.289050787 0.245581094 0.925278103 0.952830359 -0.019629748 0.302867926 3069b.dat
0 // stainless window perimeter / backing
1 72 -197.721661 -321.246641 -156.914105 0.092541612 0.96917728 -0.228323128 -0.289050787 0.245581094 0.925278103 0.952830359 -0.019629748 0.302867926 3023.dat
0 // continuous belt trim
1 71 -210.118915 -279.628371 427.552496 0.005302094 0.969061157 -0.246763779 0.063762166 0.24593747 0.967186201 0.997951038 -0.020862305 -0.060485455 2431.dat
0 // continuous belt trim / backing
1 72 -202.366425 -277.660871 427.385597 0.005302094 0.969061157 -0.246763779 0.063762166 0.24593747 0.967186201 0.997951038 -0.020862305 -0.060485455 3710.dat
0 // continuous belt trim
1 71 -210.543082 -284.729344 347.716413 0.005302094 0.969061157 -0.246763779 0.063762166 0.24593747 0.967186201 0.997951038 -0.020862305 -0.060485455 2431.dat
0 // continuous belt trim / backing
1 72 -202.790593 -282.761845 347.549514 0.005302094 0.969061157 -0.246763779 0.063762166 0.24593747 0.967186201 0.997951038 -0.020862305 -0.060485455 3710.dat
0 // continuous belt trim
1 71 -210.96725 -289.830318 267.88033 0.005302094 0.969061157 -0.246763779 0.063762166 0.24593747 0.967186201 0.997951038 -0.020862305 -0.060485455 2431.dat
0 // continuous belt trim / backing
1 72 -203.21476 -287.862818 267.713431 0.005302094 0.969061157 -0.246763779 0.063762166 0.24593747 0.967186201 0.997951038 -0.020862305 -0.060485455 3710.dat
0 // continuous belt trim
1 71 -211.391417 -294.931291 188.044247 0.005302094 0.969061157 -0.246763779 0.063762166 0.24593747 0.967186201 0.997951038 -0.020862305 -0.060485455 2431.dat
0 // continuous belt trim / backing
1 72 -203.638928 -292.963791 187.877348 0.005302094 0.969061157 -0.246763779 0.063762166 0.24593747 0.967186201 0.997951038 -0.020862305 -0.060485455 3710.dat
0 // continuous belt trim
1 71 -211.815585 -300.032264 108.208164 0.005302094 0.969061157 -0.246763779 0.063762166 0.24593747 0.967186201 0.997951038 -0.020862305 -0.060485455 2431.dat
0 // continuous belt trim / backing
1 72 -204.063095 -298.064764 108.041265 0.005302094 0.969061157 -0.246763779 0.063762166 0.24593747 0.967186201 0.997951038 -0.020862305 -0.060485455 3710.dat
0 // continuous belt trim
1 71 -212.239752 -305.133237 28.3720806 0.005302094 0.969061157 -0.246763779 0.063762166 0.24593747 0.967186201 0.997951038 -0.020862305 -0.060485455 2431.dat
0 // continuous belt trim / backing
1 72 -204.487263 -303.165738 28.2051821 0.005302094 0.969061157 -0.246763779 0.063762166 0.24593747 0.967186201 0.997951038 -0.020862305 -0.060485455 3710.dat
0 // continuous belt trim
1 71 -212.66392 -310.234211 -51.4640025 0.005302094 0.969061157 -0.246763779 0.063762166 0.24593747 0.967186201 0.997951038 -0.020862305 -0.060485455 2431.dat
0 // continuous belt trim / backing
1 72 -204.91143 -308.266711 -51.6309009 0.005302094 0.969061157 -0.246763779 0.063762166 0.24593747 0.967186201 0.997951038 -0.020862305 -0.060485455 3710.dat
0 // continuous belt trim
1 71 -213.088087 -315.335184 -131.300085 0.005302094 0.969061157 -0.246763779 0.063762166 0.24593747 0.967186201 0.997951038 -0.020862305 -0.060485455 2431.dat
0 // continuous belt trim / backing
1 72 -205.335598 -313.367684 -131.466984 0.005302094 0.969061157 -0.246763779 0.063762166 0.24593747 0.967186201 0.997951038 -0.020862305 -0.060485455 3710.dat
0 // rear sail
1 71 -220 -302.661893 -509.139797 0 1 0 0 0 1 1 0 0 3070b.dat
0 // rear sail / backing
1 72 -212 -302.661893 -509.139797 0 1 0 0 0 1 1 0 0 3024.dat
0 // rear sail
1 71 -220 -302.661893 -489.139797 0 1 0 0 0 1 1 0 0 3070b.dat
0 // rear sail / backing
1 72 -212 -302.661893 -489.139797 0 1 0 0 0 1 1 0 0 3024.dat
0 // rear sail
1 71 -220 -302.661893 -469.139797 0 1 0 0 0 1 1 0 0 3070b.dat
0 // rear sail / backing
1 72 -212 -302.661893 -469.139797 0 1 0 0 0 1 1 0 0 3024.dat
0 // rear sail
1 71 -220 -302.661893 -449.139797 0 1 0 0 0 1 1 0 0 3070b.dat
0 // rear sail / backing
1 72 -212 -302.661893 -449.139797 0 1 0 0 0 1 1 0 0 3024.dat
0 // rear sail
1 71 -220 -302.661893 -429.139797 0 1 0 0 0 1 1 0 0 3070b.dat
0 // rear sail / backing
1 72 -212 -302.661893 -429.139797 0 1 0 0 0 1 1 0 0 3024.dat
0 // rear sail
1 71 -220 -302.661893 -409.139797 0 1 0 0 0 1 1 0 0 3070b.dat
0 // rear sail / backing
1 72 -212 -302.661893 -409.139797 0 1 0 0 0 1 1 0 0 3024.dat
0 // rear sail
1 71 -220 -322.661893 -389.139797 0 1 0 0 0 1 1 0 0 3070b.dat
0 // rear sail / backing
1 72 -212 -322.661893 -389.139797 0 1 0 0 0 1 1 0 0 3024.dat
0 // rear sail
1 71 -220 -322.661893 -369.139797 0 1 0 0 0 1 1 0 0 3070b.dat
0 // rear sail / backing
1 72 -212 -322.661893 -369.139797 0 1 0 0 0 1 1 0 0 3024.dat
0 // rear sail
1 71 -220 -322.661893 -349.139797 0 1 0 0 0 1 1 0 0 3070b.dat
0 // rear sail / backing
1 72 -212 -322.661893 -349.139797 0 1 0 0 0 1 1 0 0 3024.dat
0 // rear sail
1 71 -220 -322.661893 -329.139797 0 1 0 0 0 1 1 0 0 3070b.dat
0 // rear sail / backing
1 72 -212 -322.661893 -329.139797 0 1 0 0 0 1 1 0 0 3024.dat
0 // rear sail
1 71 -220 -322.661893 -309.139797 0 1 0 0 0 1 1 0 0 3070b.dat
0 // rear sail / backing
1 72 -212 -322.661893 -309.139797 0 1 0 0 0 1 1 0 0 3024.dat
0 // rear sail
1 71 -220 -322.661893 -289.139797 0 1 0 0 0 1 1 0 0 3070b.dat
0 // rear sail / backing
1 72 -212 -322.661893 -289.139797 0 1 0 0 0 1 1 0 0 3024.dat
0 // rear sail
1 71 -220 -332.661893 -259.139797 0 1 0 0 0 1 1 0 0 3068b.dat
0 // rear sail / backing
1 72 -212 -332.661893 -259.139797 0 1 0 0 0 1 1 0 0 3022.dat
0 // rear sail
1 71 -220 -332.661893 -219.139797 0 1 0 0 0 1 1 0 0 3068b.dat
0 // rear sail / backing
1 72 -212 -332.661893 -219.139797 0 1 0 0 0 1 1 0 0 3022.dat
0 // rear sail
1 71 -220 -332.661893 -189.139797 0 1 0 -1 0 0 0 0 1 3069b.dat
0 // rear sail / backing
1 72 -212 -332.661893 -189.139797 0 1 0 -1 0 0 0 0 1 3023.dat
0 // smooth descending cargo rail
1 71 -220 -370.071517 -212.895908 0 0 -1 -0.164759396 0.986333788 0 0.986333788 0.164759396 0 87079.dat
0 // smooth descending cargo rail / backing
1 72 -220 -362.180847 -211.577833 0 0 -1 -0.164759396 0.986333788 0 0.986333788 0.164759396 0 3020.dat
0 // smooth descending cargo rail
1 71 -220 -356.890765 -291.802611 0 0 -1 -0.164759396 0.986333788 0 0.986333788 0.164759396 0 87079.dat
0 // smooth descending cargo rail / backing
1 72 -220 -349.000095 -290.484536 0 0 -1 -0.164759396 0.986333788 0 0.986333788 0.164759396 0 3020.dat
0 // smooth descending cargo rail
1 71 -220 -343.710014 -370.709314 0 0 -1 -0.164759396 0.986333788 0 0.986333788 0.164759396 0 87079.dat
0 // smooth descending cargo rail / backing
1 72 -220 -335.819344 -369.391239 0 0 -1 -0.164759396 0.986333788 0 0.986333788 0.164759396 0 3020.dat
0 // smooth descending cargo rail
1 71 -220 -330.529262 -449.616017 0 0 -1 -0.164759396 0.986333788 0 0.986333788 0.164759396 0 87079.dat
0 // smooth descending cargo rail / backing
1 72 -220 -322.638592 -448.297942 0 0 -1 -0.164759396 0.986333788 0 0.986333788 0.164759396 0 3020.dat
0 // smooth descending cargo rail
1 71 -220 -317.34851 -528.52272 0 0 -1 -0.164759396 0.986333788 0 0.986333788 0.164759396 0 87079.dat
0 // smooth descending cargo rail / backing
1 72 -220 -309.45784 -527.204645 0 0 -1 -0.164759396 0.986333788 0 0.986333788 0.164759396 0 3020.dat
0 // smooth descending cargo rail
1 71 -220 -304.167759 -607.429423 0 0 -1 -0.164759396 0.986333788 0 0.986333788 0.164759396 0 87079.dat
0 // smooth descending cargo rail / backing
1 72 -220 -296.277088 -606.111348 0 0 -1 -0.164759396 0.986333788 0 0.986333788 0.164759396 0 3020.dat
0 // angular wheel arch
1 0 -233 -114.315987 329.485655 0 1 0 1 0 0 0 0 -1 63864.dat
0 // angular wheel arch / backing
1 0 -225 -114.315987 329.485655 0 1 0 1 0 0 0 0 -1 3623.dat
0 // angular wheel arch
1 0 -233 -181.972972 357.769927 0 1 0 0.707106781 0 -0.707106781 -0.707106781 0 -0.707106781 2431.dat
0 // angular wheel arch / backing
1 0 -225 -181.972972 357.769927 0 1 0 0.707106781 0 -0.707106781 -0.707106781 0 -0.707106781 3710.dat
0 // angular wheel arch
1 0 -233 -217.328311 393.125266 -0 1 0 -0.707106781 0 -0.707106781 -0.707106781 -0 0.707106781 3070b.dat
0 // angular wheel arch / backing
1 0 -225 -217.328311 393.125266 -0 1 0 -0.707106781 0 -0.707106781 -0.707106781 -0 0.707106781 3024.dat
0 // angular wheel arch
1 0 -233 -224.631973 440.428928 0 1 0 0 0 -1 -1 0 0 2431.dat
0 // angular wheel arch / backing
1 0 -225 -224.631973 440.428928 0 1 0 0 0 -1 -1 0 0 3710.dat
0 // angular wheel arch
1 0 -233 -224.631973 490.428928 0 1 0 -1 0 0 0 -0 1 3070b.dat
0 // angular wheel arch / backing
1 0 -225 -224.631973 490.428928 0 1 0 -1 0 0 0 -0 1 3024.dat
0 // angular wheel arch
1 0 -233 -196.347702 531.458628 0 1 0 -0.707106781 0 -0.707106781 -0.707106781 0 0.707106781 2431.dat
0 // angular wheel arch / backing
1 0 -225 -196.347702 531.458628 0 1 0 -0.707106781 0 -0.707106781 -0.707106781 0 0.707106781 3710.dat
0 // angular wheel arch
1 0 -233 -160.992363 566.813967 0 1 0 -0.707106781 0 0.707106781 0.707106781 -0 0.707106781 3070b.dat
0 // angular wheel arch / backing
1 0 -225 -160.992363 566.813967 0 1 0 -0.707106781 0 0.707106781 0.707106781 -0 0.707106781 3024.dat
0 // angular wheel arch
1 0 -233 -123.688701 574.117629 0 1 0 -1 0 0 0 0 1 63864.dat
0 // angular wheel arch / backing
1 0 -225 -123.688701 574.117629 0 1 0 -1 0 0 0 0 1 3623.dat
0 // wheels and hubs
1 0 -198.663181 -102.241575 451.638854 0 0 -1 0 1 0 1 0 0 45982.dat
1 0 -198.663181 -102.241575 451.638854 0 0 -1 0 1 0 1 0 0 56908.dat
0 // angular wheel arch
1 0 -233 -114.315987 -499.169317 0 1 0 1 0 0 0 0 -1 63864.dat
0 // angular wheel arch / backing
1 0 -225 -114.315987 -499.169317 0 1 0 1 0 0 0 0 -1 3623.dat
0 // angular wheel arch
1 0 -233 -181.972972 -470.885046 0 1 0 0.707106781 0 -0.707106781 -0.707106781 0 -0.707106781 2431.dat
0 // angular wheel arch / backing
1 0 -225 -181.972972 -470.885046 0 1 0 0.707106781 0 -0.707106781 -0.707106781 0 -0.707106781 3710.dat
0 // angular wheel arch
1 0 -233 -217.328311 -435.529707 -0 1 0 -0.707106781 0 -0.707106781 -0.707106781 -0 0.707106781 3070b.dat
0 // angular wheel arch / backing
1 0 -225 -217.328311 -435.529707 -0 1 0 -0.707106781 0 -0.707106781 -0.707106781 -0 0.707106781 3024.dat
0 // angular wheel arch
1 0 -233 -224.631973 -388.226045 0 1 0 0 0 -1 -1 0 0 2431.dat
0 // angular wheel arch / backing
1 0 -225 -224.631973 -388.226045 0 1 0 0 0 -1 -1 0 0 3710.dat
0 // angular wheel arch
1 0 -233 -224.631973 -338.226045 0 1 0 -1 0 0 0 -0 1 3070b.dat
0 // angular wheel arch / backing
1 0 -225 -224.631973 -338.226045 0 1 0 -1 0 0 0 -0 1 3024.dat
0 // angular wheel arch
1 0 -233 -196.347702 -297.196345 0 1 0 -0.707106781 0 -0.707106781 -0.707106781 0 0.707106781 2431.dat
0 // angular wheel arch / backing
1 0 -225 -196.347702 -297.196345 0 1 0 -0.707106781 0 -0.707106781 -0.707106781 0 0.707106781 3710.dat
0 // angular wheel arch
1 0 -233 -160.992363 -261.841006 0 1 0 -0.707106781 0 0.707106781 0.707106781 -0 0.707106781 3070b.dat
0 // angular wheel arch / backing
1 0 -225 -160.992363 -261.841006 0 1 0 -0.707106781 0 0.707106781 0.707106781 -0 0.707106781 3024.dat
0 // angular wheel arch
1 0 -233 -123.688701 -254.537344 0 1 0 -1 0 0 0 0 1 63864.dat
0 // angular wheel arch / backing
1 0 -225 -123.688701 -254.537344 0 1 0 -1 0 0 0 0 1 3623.dat
0 // wheels and hubs
1 0 -198.663181 -102.241575 -376.852894 0 0 -1 0 1 0 1 0 0 45982.dat
1 0 -198.663181 -102.241575 -376.852894 0 0 -1 0 1 0 1 0 0 56908.dat
0 // flush door handles
1 72 -228 -269.093149 245.52429 0 1 0 0 0 1 1 0 0 3069b.dat
1 72 -228 -277.330655 59.3168025 0 1 0 0 0 1 1 0 0 3069b.dat
0 // right stainless lower shell
1 71 220 -205.627538 620.860203 0 -1 0 -1 0 0 0 0 -1 26603.dat
0 // right stainless lower shell / backing
1 72 212 -205.627538 620.860203 0 -1 0 -1 0 0 0 0 -1 3021.dat
0 // right stainless lower shell
1 71 220 -145.627538 620.860203 0 -1 0 -1 0 0 0 0 -1 26603.dat
0 // right stainless lower shell / backing
1 72 212 -145.627538 620.860203 0 -1 0 -1 0 0 0 0 -1 3021.dat
0 // right stainless lower shell
1 71 220 -95.6275381 620.860203 0 -1 0 0 0 1 -1 0 0 3068b.dat
0 // right stainless lower shell / backing
1 72 212 -95.6275381 620.860203 0 -1 0 0 0 1 -1 0 0 3022.dat
0 // right stainless lower shell
1 71 220 -225.627538 580.860203 0 -1 0 -1 0 0 0 0 -1 26603.dat
0 // right stainless lower shell / backing
1 72 212 -225.627538 580.860203 0 -1 0 -1 0 0 0 0 -1 3021.dat
0 // right stainless lower shell
1 71 220 -175.627538 580.860203 0 -1 0 0 0 1 -1 0 0 3068b.dat
0 // right stainless lower shell / backing
1 72 212 -175.627538 580.860203 0 -1 0 0 0 1 -1 0 0 3022.dat
0 // right stainless lower shell
1 71 220 -125.627538 590.860203 0 -1 0 -1 0 0 0 0 -1 63864.dat
0 // right stainless lower shell / backing
1 72 212 -125.627538 590.860203 0 -1 0 -1 0 0 0 0 -1 3623.dat
0 // right stainless lower shell
1 71 220 -85.6275381 590.860203 0 -1 0 0 0 1 -1 0 0 3070b.dat
0 // right stainless lower shell / backing
1 72 212 -85.6275381 590.860203 0 -1 0 0 0 1 -1 0 0 3024.dat
0 // right stainless lower shell
1 71 220 -225.627538 540.860203 0 -1 0 -1 0 0 0 0 -1 26603.dat
0 // right stainless lower shell / backing
1 72 212 -225.627538 540.860203 0 -1 0 -1 0 0 0 0 -1 3021.dat
0 // right stainless lower shell
1 71 220 -185.627538 550.860203 0 -1 0 0 0 1 -1 0 0 3070b.dat
0 // right stainless lower shell / backing
1 72 212 -185.627538 550.860203 0 -1 0 0 0 1 -1 0 0 3024.dat
0 // right stainless lower shell
1 71 220 -265.627538 530.860203 0 -1 0 0 0 1 -1 0 0 3070b.dat
0 // right stainless lower shell / backing
1 72 212 -265.627538 530.860203 0 -1 0 0 0 1 -1 0 0 3024.dat
0 // right stainless lower shell
1 71 220 -245.627538 500.860203 0 -1 0 -1 0 0 0 0 -1 26603.dat
0 // right stainless lower shell / backing
1 72 212 -245.627538 500.860203 0 -1 0 -1 0 0 0 0 -1 3021.dat
0 // right stainless lower shell
1 71 220 -245.627538 460.860203 0 -1 0 -1 0 0 0 0 -1 26603.dat
0 // right stainless lower shell / backing
1 72 212 -245.627538 460.860203 0 -1 0 -1 0 0 0 0 -1 3021.dat
0 // right stainless lower shell
1 71 220 -245.627538 420.860203 0 -1 0 -1 0 0 0 0 -1 26603.dat
0 // right stainless lower shell / backing
1 72 212 -245.627538 420.860203 0 -1 0 -1 0 0 0 0 -1 3021.dat
0 // right stainless lower shell
1 71 220 -245.627538 380.860203 0 -1 0 -1 0 0 0 0 -1 26603.dat
0 // right stainless lower shell / backing
1 72 212 -245.627538 380.860203 0 -1 0 -1 0 0 0 0 -1 3021.dat
0 // right stainless lower shell
1 71 220 -205.627538 370.860203 0 -1 0 0 0 1 -1 0 0 3070b.dat
0 // right stainless lower shell / backing
1 72 212 -205.627538 370.860203 0 -1 0 0 0 1 -1 0 0 3024.dat
0 // right stainless lower shell
1 71 220 -245.627538 340.860203 0 -1 0 -1 0 0 0 0 -1 26603.dat
0 // right stainless lower shell / backing
1 72 212 -245.627538 340.860203 0 -1 0 -1 0 0 0 0 -1 3021.dat
0 // right stainless lower shell
1 71 220 -195.627538 340.860203 0 -1 0 0 0 1 -1 0 0 3068b.dat
0 // right stainless lower shell / backing
1 72 212 -195.627538 340.860203 0 -1 0 0 0 1 -1 0 0 3022.dat
0 // right stainless lower shell
1 71 220 -285.627538 330.860203 0 -1 0 0 0 1 -1 0 0 3070b.dat
0 // right stainless lower shell / backing
1 72 212 -285.627538 330.860203 0 -1 0 0 0 1 -1 0 0 3024.dat
0 // right stainless lower shell
1 71 220 -145.627538 320.860203 0 -1 0 -1 0 0 0 0 -1 26603.dat
0 // right stainless lower shell / backing
1 72 212 -145.627538 320.860203 0 -1 0 -1 0 0 0 0 -1 3021.dat
0 // right stainless lower shell
1 71 220 -95.6275381 320.860203 0 -1 0 0 0 1 -1 0 0 3068b.dat
0 // right stainless lower shell / backing
1 72 212 -95.6275381 320.860203 0 -1 0 0 0 1 -1 0 0 3022.dat
0 // right stainless lower shell
1 71 220 -265.627538 300.860203 0 -1 0 -1 0 0 0 0 -1 26603.dat
0 // right stainless lower shell / backing
1 72 212 -265.627538 300.860203 0 -1 0 -1 0 0 0 0 -1 3021.dat
0 // right stainless lower shell
1 71 220 -205.627538 300.860203 0 -1 0 -1 0 0 0 0 -1 26603.dat
0 // right stainless lower shell / backing
1 72 212 -205.627538 300.860203 0 -1 0 -1 0 0 0 0 -1 3021.dat
0 // right stainless lower shell
1 71 220 -145.627538 280.860203 0 -1 0 -1 0 0 0 0 -1 26603.dat
0 // right stainless lower shell / backing
1 72 212 -145.627538 280.860203 0 -1 0 -1 0 0 0 0 -1 3021.dat
0 // right stainless lower shell
1 71 220 -95.6275381 280.860203 0 -1 0 0 0 1 -1 0 0 3068b.dat
0 // right stainless lower shell / backing
1 72 212 -95.6275381 280.860203 0 -1 0 0 0 1 -1 0 0 3022.dat
0 // right stainless lower shell
1 71 220 -265.627538 260.860203 0 -1 0 -1 0 0 0 0 -1 26603.dat
0 // right stainless lower shell / backing
1 72 212 -265.627538 260.860203 0 -1 0 -1 0 0 0 0 -1 3021.dat
0 // right stainless lower shell
1 71 220 -205.627538 260.860203 0 -1 0 -1 0 0 0 0 -1 26603.dat
0 // right stainless lower shell / backing
1 72 212 -205.627538 260.860203 0 -1 0 -1 0 0 0 0 -1 3021.dat
0 // right stainless lower shell
1 71 220 -145.627538 240.860203 0 -1 0 -1 0 0 0 0 -1 26603.dat
0 // right stainless lower shell / backing
1 72 212 -145.627538 240.860203 0 -1 0 -1 0 0 0 0 -1 3021.dat
0 // right stainless lower shell
1 71 220 -95.6275381 240.860203 0 -1 0 0 0 1 -1 0 0 3068b.dat
0 // right stainless lower shell / backing
1 72 212 -95.6275381 240.860203 0 -1 0 0 0 1 -1 0 0 3022.dat
0 // right stainless lower shell
1 71 220 -265.627538 220.860203 0 -1 0 -1 0 0 0 0 -1 26603.dat
0 // right stainless lower shell / backing
1 72 212 -265.627538 220.860203 0 -1 0 -1 0 0 0 0 -1 3021.dat
0 // right stainless lower shell
1 71 220 -205.627538 220.860203 0 -1 0 -1 0 0 0 0 -1 26603.dat
0 // right stainless lower shell / backing
1 72 212 -205.627538 220.860203 0 -1 0 -1 0 0 0 0 -1 3021.dat
0 // right stainless lower shell
1 71 220 -145.627538 200.860203 0 -1 0 -1 0 0 0 0 -1 26603.dat
0 // right stainless lower shell / backing
1 72 212 -145.627538 200.860203 0 -1 0 -1 0 0 0 0 -1 3021.dat
0 // right stainless lower shell
1 71 220 -95.6275381 200.860203 0 -1 0 0 0 1 -1 0 0 3068b.dat
0 // right stainless lower shell / backing
1 72 212 -95.6275381 200.860203 0 -1 0 0 0 1 -1 0 0 3022.dat
0 // right stainless lower shell
1 71 220 -265.627538 180.860203 0 -1 0 -1 0 0 0 0 -1 26603.dat
0 // right stainless lower shell / backing
1 72 212 -265.627538 180.860203 0 -1 0 -1 0 0 0 0 -1 3021.dat
0 // right stainless lower shell
1 71 220 -205.627538 180.860203 0 -1 0 -1 0 0 0 0 -1 26603.dat
0 // right stainless lower shell / backing
1 72 212 -205.627538 180.860203 0 -1 0 -1 0 0 0 0 -1 3021.dat
0 // right stainless lower shell
1 71 220 -145.627538 160.860203 0 -1 0 -1 0 0 0 0 -1 26603.dat
0 // right stainless lower shell / backing
1 72 212 -145.627538 160.860203 0 -1 0 -1 0 0 0 0 -1 3021.dat
0 // right stainless lower shell
1 71 220 -95.6275381 160.860203 0 -1 0 0 0 1 -1 0 0 3068b.dat
0 // right stainless lower shell / backing
1 72 212 -95.6275381 160.860203 0 -1 0 0 0 1 -1 0 0 3022.dat
0 // right stainless lower shell
1 71 220 -265.627538 140.860203 0 -1 0 -1 0 0 0 0 -1 26603.dat
0 // right stainless lower shell / backing
1 72 212 -265.627538 140.860203 0 -1 0 -1 0 0 0 0 -1 3021.dat
0 // right stainless lower shell
1 71 220 -205.627538 140.860203 0 -1 0 -1 0 0 0 0 -1 26603.dat
0 // right stainless lower shell / backing
1 72 212 -205.627538 140.860203 0 -1 0 -1 0 0 0 0 -1 3021.dat
0 // right stainless lower shell
1 71 220 -145.627538 120.860203 0 -1 0 -1 0 0 0 0 -1 26603.dat
0 // right stainless lower shell / backing
1 72 212 -145.627538 120.860203 0 -1 0 -1 0 0 0 0 -1 3021.dat
0 // right stainless lower shell
1 71 220 -95.6275381 120.860203 0 -1 0 0 0 1 -1 0 0 3068b.dat
0 // right stainless lower shell / backing
1 72 212 -95.6275381 120.860203 0 -1 0 0 0 1 -1 0 0 3022.dat
0 // right stainless lower shell
1 71 220 -265.627538 100.860203 0 -1 0 -1 0 0 0 0 -1 26603.dat
0 // right stainless lower shell / backing
1 72 212 -265.627538 100.860203 0 -1 0 -1 0 0 0 0 -1 3021.dat
0 // right stainless lower shell
1 71 220 -205.627538 100.860203 0 -1 0 -1 0 0 0 0 -1 26603.dat
0 // right stainless lower shell / backing
1 72 212 -205.627538 100.860203 0 -1 0 -1 0 0 0 0 -1 3021.dat
0 // right stainless lower shell
1 71 220 -145.627538 80.8602032 0 -1 0 -1 0 0 0 0 -1 26603.dat
0 // right stainless lower shell / backing
1 72 212 -145.627538 80.8602032 0 -1 0 -1 0 0 0 0 -1 3021.dat
0 // right stainless lower shell
1 71 220 -95.6275381 80.8602032 0 -1 0 0 0 1 -1 0 0 3068b.dat
0 // right stainless lower shell / backing
1 72 212 -95.6275381 80.8602032 0 -1 0 0 0 1 -1 0 0 3022.dat
0 // right stainless lower shell
1 71 220 -265.627538 60.8602032 0 -1 0 -1 0 0 0 0 -1 26603.dat
0 // right stainless lower shell / backing
1 72 212 -265.627538 60.8602032 0 -1 0 -1 0 0 0 0 -1 3021.dat
0 // right stainless lower shell
1 71 220 -205.627538 60.8602032 0 -1 0 -1 0 0 0 0 -1 26603.dat
0 // right stainless lower shell / backing
1 72 212 -205.627538 60.8602032 0 -1 0 -1 0 0 0 0 -1 3021.dat
0 // right stainless lower shell
1 71 220 -145.627538 40.8602032 0 -1 0 -1 0 0 0 0 -1 26603.dat
0 // right stainless lower shell / backing
1 72 212 -145.627538 40.8602032 0 -1 0 -1 0 0 0 0 -1 3021.dat
0 // right stainless lower shell
1 71 220 -95.6275381 40.8602032 0 -1 0 0 0 1 -1 0 0 3068b.dat
0 // right stainless lower shell / backing
1 72 212 -95.6275381 40.8602032 0 -1 0 0 0 1 -1 0 0 3022.dat
0 // right stainless lower shell
1 71 220 -265.627538 20.8602032 0 -1 0 -1 0 0 0 0 -1 26603.dat
0 // right stainless lower shell / backing
1 72 212 -265.627538 20.8602032 0 -1 0 -1 0 0 0 0 -1 3021.dat
0 // right stainless lower shell
1 71 220 -205.627538 20.8602032 0 -1 0 -1 0 0 0 0 -1 26603.dat
0 // right stainless lower shell / backing
1 72 212 -205.627538 20.8602032 0 -1 0 -1 0 0 0 0 -1 3021.dat
0 // right stainless lower shell
1 71 220 -145.627538 0.8602032 0 -1 0 -1 0 0 0 0 -1 26603.dat
0 // right stainless lower shell / backing
1 72 212 -145.627538 0.8602032 0 -1 0 -1 0 0 0 0 -1 3021.dat
0 // right stainless lower shell
1 71 220 -95.6275381 0.8602032 0 -1 0 0 0 1 -1 0 0 3068b.dat
0 // right stainless lower shell / backing
1 72 212 -95.6275381 0.8602032 0 -1 0 0 0 1 -1 0 0 3022.dat
0 // right stainless lower shell
1 71 220 -285.627538 -19.1397968 0 -1 0 -1 0 0 0 0 -1 26603.dat
0 // right stainless lower shell / backing
1 72 212 -285.627538 -19.1397968 0 -1 0 -1 0 0 0 0 -1 3021.dat
0 // right stainless lower shell
1 71 220 -225.627538 -19.1397968 0 -1 0 -1 0 0 0 0 -1 26603.dat
0 // right stainless lower shell / backing
1 72 212 -225.627538 -19.1397968 0 -1 0 -1 0 0 0 0 -1 3021.dat
0 // right stainless lower shell
1 71 220 -185.627538 -9.1397968 0 -1 0 0 0 1 -1 0 0 3070b.dat
0 // right stainless lower shell / backing
1 72 212 -185.627538 -9.1397968 0 -1 0 0 0 1 -1 0 0 3024.dat
0 // right stainless lower shell
1 71 220 -165.627538 -39.1397968 0 -1 0 -1 0 0 0 0 -1 26603.dat
0 // right stainless lower shell / backing
1 72 212 -165.627538 -39.1397968 0 -1 0 -1 0 0 0 0 -1 3021.dat
0 // right stainless lower shell
1 71 220 -105.627538 -39.1397968 0 -1 0 -1 0 0 0 0 -1 26603.dat
0 // right stainless lower shell / backing
1 72 212 -105.627538 -39.1397968 0 -1 0 -1 0 0 0 0 -1 3021.dat
0 // right stainless lower shell
1 71 220 -285.627538 -59.1397968 0 -1 0 -1 0 0 0 0 -1 26603.dat
0 // right stainless lower shell / backing
1 72 212 -285.627538 -59.1397968 0 -1 0 -1 0 0 0 0 -1 3021.dat
0 // right stainless lower shell
1 71 220 -225.627538 -59.1397968 0 -1 0 -1 0 0 0 0 -1 26603.dat
0 // right stainless lower shell / backing
1 72 212 -225.627538 -59.1397968 0 -1 0 -1 0 0 0 0 -1 3021.dat
0 // right stainless lower shell
1 71 220 -165.627538 -79.1397968 0 -1 0 -1 0 0 0 0 -1 26603.dat
0 // right stainless lower shell / backing
1 72 212 -165.627538 -79.1397968 0 -1 0 -1 0 0 0 0 -1 3021.dat
0 // right stainless lower shell
1 71 220 -105.627538 -79.1397968 0 -1 0 -1 0 0 0 0 -1 26603.dat
0 // right stainless lower shell / backing
1 72 212 -105.627538 -79.1397968 0 -1 0 -1 0 0 0 0 -1 3021.dat
0 // right stainless lower shell
1 71 220 -285.627538 -99.1397968 0 -1 0 -1 0 0 0 0 -1 26603.dat
0 // right stainless lower shell / backing
1 72 212 -285.627538 -99.1397968 0 -1 0 -1 0 0 0 0 -1 3021.dat
0 // right stainless lower shell
1 71 220 -225.627538 -99.1397968 0 -1 0 -1 0 0 0 0 -1 26603.dat
0 // right stainless lower shell / backing
1 72 212 -225.627538 -99.1397968 0 -1 0 -1 0 0 0 0 -1 3021.dat
0 // right stainless lower shell
1 71 220 -165.627538 -119.139797 0 -1 0 -1 0 0 0 0 -1 26603.dat
0 // right stainless lower shell / backing
1 72 212 -165.627538 -119.139797 0 -1 0 -1 0 0 0 0 -1 3021.dat
0 // right stainless lower shell
1 71 220 -105.627538 -119.139797 0 -1 0 -1 0 0 0 0 -1 26603.dat
0 // right stainless lower shell / backing
1 72 212 -105.627538 -119.139797 0 -1 0 -1 0 0 0 0 -1 3021.dat
0 // right stainless lower shell
1 71 220 -285.627538 -139.139797 0 -1 0 -1 0 0 0 0 -1 26603.dat
0 // right stainless lower shell / backing
1 72 212 -285.627538 -139.139797 0 -1 0 -1 0 0 0 0 -1 3021.dat
0 // right stainless lower shell
1 71 220 -225.627538 -139.139797 0 -1 0 -1 0 0 0 0 -1 26603.dat
0 // right stainless lower shell / backing
1 72 212 -225.627538 -139.139797 0 -1 0 -1 0 0 0 0 -1 3021.dat
0 // right stainless lower shell
1 71 220 -165.627538 -159.139797 0 -1 0 -1 0 0 0 0 -1 26603.dat
0 // right stainless lower shell / backing
1 72 212 -165.627538 -159.139797 0 -1 0 -1 0 0 0 0 -1 3021.dat
0 // right stainless lower shell
1 71 220 -105.627538 -159.139797 0 -1 0 -1 0 0 0 0 -1 26603.dat
0 // right stainless lower shell / backing
1 72 212 -105.627538 -159.139797 0 -1 0 -1 0 0 0 0 -1 3021.dat
0 // right stainless lower shell
1 71 220 -285.627538 -179.139797 0 -1 0 -1 0 0 0 0 -1 26603.dat
0 // right stainless lower shell / backing
1 72 212 -285.627538 -179.139797 0 -1 0 -1 0 0 0 0 -1 3021.dat
0 // right stainless lower shell
1 71 220 -225.627538 -179.139797 0 -1 0 -1 0 0 0 0 -1 26603.dat
0 // right stainless lower shell / backing
1 72 212 -225.627538 -179.139797 0 -1 0 -1 0 0 0 0 -1 3021.dat
0 // right stainless lower shell
1 71 220 -165.627538 -199.139797 0 -1 0 -1 0 0 0 0 -1 26603.dat
0 // right stainless lower shell / backing
1 72 212 -165.627538 -199.139797 0 -1 0 -1 0 0 0 0 -1 3021.dat
0 // right stainless lower shell
1 71 220 -105.627538 -199.139797 0 -1 0 -1 0 0 0 0 -1 26603.dat
0 // right stainless lower shell / backing
1 72 212 -105.627538 -199.139797 0 -1 0 -1 0 0 0 0 -1 3021.dat
0 // right stainless lower shell
1 71 220 -285.627538 -219.139797 0 -1 0 -1 0 0 0 0 -1 26603.dat
0 // right stainless lower shell / backing
1 72 212 -285.627538 -219.139797 0 -1 0 -1 0 0 0 0 -1 3021.dat
0 // right stainless lower shell
1 71 220 -225.627538 -219.139797 0 -1 0 -1 0 0 0 0 -1 26603.dat
0 // right stainless lower shell / backing
1 72 212 -225.627538 -219.139797 0 -1 0 -1 0 0 0 0 -1 3021.dat
0 // right stainless lower shell
1 71 220 -165.627538 -239.139797 0 -1 0 -1 0 0 0 0 -1 26603.dat
0 // right stainless lower shell / backing
1 72 212 -165.627538 -239.139797 0 -1 0 -1 0 0 0 0 -1 3021.dat
0 // right stainless lower shell
1 71 220 -105.627538 -239.139797 0 -1 0 -1 0 0 0 0 -1 26603.dat
0 // right stainless lower shell / backing
1 72 212 -105.627538 -239.139797 0 -1 0 -1 0 0 0 0 -1 3021.dat
0 // right stainless lower shell
1 71 220 -285.627538 -259.139797 0 -1 0 -1 0 0 0 0 -1 26603.dat
0 // right stainless lower shell / backing
1 72 212 -285.627538 -259.139797 0 -1 0 -1 0 0 0 0 -1 3021.dat
0 // right stainless lower shell
1 71 220 -225.627538 -259.139797 0 -1 0 -1 0 0 0 0 -1 26603.dat
0 // right stainless lower shell / backing
1 72 212 -225.627538 -259.139797 0 -1 0 -1 0 0 0 0 -1 3021.dat
0 // right stainless lower shell
1 71 220 -175.627538 -269.139797 0 -1 0 -1 0 0 0 0 -1 3069b.dat
0 // right stainless lower shell / backing
1 72 212 -175.627538 -269.139797 0 -1 0 -1 0 0 0 0 -1 3023.dat
0 // right stainless lower shell
1 71 220 -285.627538 -299.139797 0 -1 0 -1 0 0 0 0 -1 26603.dat
0 // right stainless lower shell / backing
1 72 212 -285.627538 -299.139797 0 -1 0 -1 0 0 0 0 -1 3021.dat
0 // right stainless lower shell
1 71 220 -225.627538 -299.139797 0 -1 0 -1 0 0 0 0 -1 26603.dat
0 // right stainless lower shell / backing
1 72 212 -225.627538 -299.139797 0 -1 0 -1 0 0 0 0 -1 3021.dat
0 // right stainless lower shell
1 71 220 -185.627538 -289.139797 0 -1 0 0 0 1 -1 0 0 3070b.dat
0 // right stainless lower shell / backing
1 72 212 -185.627538 -289.139797 0 -1 0 0 0 1 -1 0 0 3024.dat
0 // right stainless lower shell
1 71 220 -285.627538 -339.139797 0 -1 0 -1 0 0 0 0 -1 26603.dat
0 // right stainless lower shell / backing
1 72 212 -285.627538 -339.139797 0 -1 0 -1 0 0 0 0 -1 3021.dat
0 // right stainless lower shell
1 71 220 -235.627538 -339.139797 0 -1 0 0 0 1 -1 0 0 3068b.dat
0 // right stainless lower shell / backing
1 72 212 -235.627538 -339.139797 0 -1 0 0 0 1 -1 0 0 3022.dat
0 // right stainless lower shell
1 71 220 -285.627538 -379.139797 0 -1 0 -1 0 0 0 0 -1 26603.dat
0 // right stainless lower shell / backing
1 72 212 -285.627538 -379.139797 0 -1 0 -1 0 0 0 0 -1 3021.dat
0 // right stainless lower shell
1 71 220 -235.627538 -379.139797 0 -1 0 0 0 1 -1 0 0 3068b.dat
0 // right stainless lower shell / backing
1 72 212 -235.627538 -379.139797 0 -1 0 0 0 1 -1 0 0 3022.dat
0 // right stainless lower shell
1 71 220 -265.627538 -419.139797 0 -1 0 -1 0 0 0 0 -1 26603.dat
0 // right stainless lower shell / backing
1 72 212 -265.627538 -419.139797 0 -1 0 -1 0 0 0 0 -1 3021.dat
0 // right stainless lower shell
1 71 220 -225.627538 -409.139797 0 -1 0 0 0 1 -1 0 0 3070b.dat
0 // right stainless lower shell / backing
1 72 212 -225.627538 -409.139797 0 -1 0 0 0 1 -1 0 0 3024.dat
0 // right stainless lower shell
1 71 220 -225.627538 -429.139797 0 -1 0 0 0 1 -1 0 0 3070b.dat
0 // right stainless lower shell / backing
1 72 212 -225.627538 -429.139797 0 -1 0 0 0 1 -1 0 0 3024.dat
0 // right stainless lower shell
1 71 220 -265.627538 -459.139797 0 -1 0 -1 0 0 0 0 -1 26603.dat
0 // right stainless lower shell / backing
1 72 212 -265.627538 -459.139797 0 -1 0 -1 0 0 0 0 -1 3021.dat
0 // right stainless lower shell
1 71 220 -215.627538 -459.139797 0 -1 0 0 0 1 -1 0 0 3068b.dat
0 // right stainless lower shell / backing
1 72 212 -215.627538 -459.139797 0 -1 0 0 0 1 -1 0 0 3022.dat
0 // right stainless lower shell
1 71 220 -185.627538 -469.139797 0 -1 0 0 0 1 -1 0 0 3070b.dat
0 // right stainless lower shell / backing
1 72 212 -185.627538 -469.139797 0 -1 0 0 0 1 -1 0 0 3024.dat
0 // right stainless lower shell
1 71 220 -265.627538 -499.139797 0 -1 0 -1 0 0 0 0 -1 26603.dat
0 // right stainless lower shell / backing
1 72 212 -265.627538 -499.139797 0 -1 0 -1 0 0 0 0 -1 3021.dat
0 // right stainless lower shell
1 71 220 -205.627538 -499.139797 0 -1 0 -1 0 0 0 0 -1 26603.dat
0 // right stainless lower shell / backing
1 72 212 -205.627538 -499.139797 0 -1 0 -1 0 0 0 0 -1 3021.dat
0 // right stainless lower shell
1 71 220 -165.627538 -489.139797 0 -1 0 0 0 1 -1 0 0 3070b.dat
0 // right stainless lower shell / backing
1 72 212 -165.627538 -489.139797 0 -1 0 0 0 1 -1 0 0 3024.dat
0 // right stainless lower shell
1 71 220 -145.627538 -519.139797 0 -1 0 -1 0 0 0 0 -1 26603.dat
0 // right stainless lower shell / backing
1 72 212 -145.627538 -519.139797 0 -1 0 -1 0 0 0 0 -1 3021.dat
0 // right stainless lower shell
1 71 220 -95.6275381 -519.139797 0 -1 0 0 0 1 -1 0 0 3068b.dat
0 // right stainless lower shell / backing
1 72 212 -95.6275381 -519.139797 0 -1 0 0 0 1 -1 0 0 3022.dat
0 // right stainless lower shell
1 71 220 -265.627538 -539.139797 0 -1 0 -1 0 0 0 0 -1 26603.dat
0 // right stainless lower shell / backing
1 72 212 -265.627538 -539.139797 0 -1 0 -1 0 0 0 0 -1 3021.dat
0 // right stainless lower shell
1 71 220 -205.627538 -539.139797 0 -1 0 -1 0 0 0 0 -1 26603.dat
0 // right stainless lower shell / backing
1 72 212 -205.627538 -539.139797 0 -1 0 -1 0 0 0 0 -1 3021.dat
0 // right stainless lower shell
1 71 220 -145.627538 -559.139797 0 -1 0 -1 0 0 0 0 -1 26603.dat
0 // right stainless lower shell / backing
1 72 212 -145.627538 -559.139797 0 -1 0 -1 0 0 0 0 -1 3021.dat
0 // right stainless lower shell
1 71 220 -95.6275381 -559.139797 0 -1 0 0 0 1 -1 0 0 3068b.dat
0 // right stainless lower shell / backing
1 72 212 -95.6275381 -559.139797 0 -1 0 0 0 1 -1 0 0 3022.dat
0 // right stainless lower shell
1 71 220 -265.627538 -579.139797 0 -1 0 -1 0 0 0 0 -1 26603.dat
0 // right stainless lower shell / backing
1 72 212 -265.627538 -579.139797 0 -1 0 -1 0 0 0 0 -1 3021.dat
0 // right stainless lower shell
1 71 220 -205.627538 -579.139797 0 -1 0 -1 0 0 0 0 -1 26603.dat
0 // right stainless lower shell / backing
1 72 212 -205.627538 -579.139797 0 -1 0 -1 0 0 0 0 -1 3021.dat
0 // right stainless lower shell
1 71 220 -145.627538 -599.139797 0 -1 0 -1 0 0 0 0 -1 26603.dat
0 // right stainless lower shell / backing
1 72 212 -145.627538 -599.139797 0 -1 0 -1 0 0 0 0 -1 3021.dat
0 // right stainless lower shell
1 71 220 -95.6275381 -599.139797 0 -1 0 0 0 1 -1 0 0 3068b.dat
0 // right stainless lower shell / backing
1 72 212 -95.6275381 -599.139797 0 -1 0 0 0 1 -1 0 0 3022.dat
0 // right stainless lower shell
1 71 220 -265.627538 -619.139797 0 -1 0 -1 0 0 0 0 -1 26603.dat
0 // right stainless lower shell / backing
1 72 212 -265.627538 -619.139797 0 -1 0 -1 0 0 0 0 -1 3021.dat
0 // right stainless lower shell
1 71 220 -205.627538 -619.139797 0 -1 0 -1 0 0 0 0 -1 26603.dat
0 // right stainless lower shell / backing
1 72 212 -205.627538 -619.139797 0 -1 0 -1 0 0 0 0 -1 3021.dat
0 // right stainless lower shell
1 71 220 -145.627538 -629.139797 0 -1 0 -1 0 0 0 0 -1 63864.dat
0 // right stainless lower shell / backing
1 72 212 -145.627538 -629.139797 0 -1 0 -1 0 0 0 0 -1 3623.dat
0 // right stainless lower shell
1 71 220 -95.6275381 -629.139797 0 -1 0 -1 0 0 0 0 -1 3069b.dat
0 // right stainless lower shell / backing
1 72 212 -95.6275381 -629.139797 0 -1 0 -1 0 0 0 0 -1 3023.dat
0 // rocker sill
1 0 224 -76.9380291 -210.537344 0 -1 0 0 0 1 -1 0 0 2431.dat
0 // rocker sill / backing
1 0 216 -76.9380291 -210.537344 0 -1 0 0 0 1 -1 0 0 3710.dat
0 // rocker sill
1 0 224 -76.9380291 -130.537344 0 -1 0 0 0 1 -1 0 0 2431.dat
0 // rocker sill / backing
1 0 216 -76.9380291 -130.537344 0 -1 0 0 0 1 -1 0 0 3710.dat
0 // rocker sill
1 0 224 -76.9380291 -50.5373441 0 -1 0 0 0 1 -1 0 0 2431.dat
0 // rocker sill / backing
1 0 216 -76.9380291 -50.5373441 0 -1 0 0 0 1 -1 0 0 3710.dat
0 // rocker sill
1 0 224 -76.9380291 29.4626559 0 -1 0 0 0 1 -1 0 0 2431.dat
0 // rocker sill / backing
1 0 216 -76.9380291 29.4626559 0 -1 0 0 0 1 -1 0 0 3710.dat
0 // rocker sill
1 0 224 -76.9380291 109.462656 0 -1 0 0 0 1 -1 0 0 2431.dat
0 // rocker sill / backing
1 0 216 -76.9380291 109.462656 0 -1 0 0 0 1 -1 0 0 3710.dat
0 // rocker sill
1 0 224 -76.9380291 189.462656 0 -1 0 0 0 1 -1 0 0 2431.dat
0 // rocker sill / backing
1 0 216 -76.9380291 189.462656 0 -1 0 0 0 1 -1 0 0 3710.dat
0 // rocker sill
1 0 224 -76.9380291 269.462656 0 -1 0 0 0 1 -1 0 0 2431.dat
0 // rocker sill / backing
1 0 216 -76.9380291 269.462656 0 -1 0 0 0 1 -1 0 0 3710.dat
0 // rocker sill
1 0 224 -76.9380291 319.462656 0 -1 0 1 0 0 0 0 1 3070b.dat
0 // rocker sill / backing
1 0 216 -76.9380291 319.462656 0 -1 0 1 0 0 0 0 1 3024.dat
0 // dark side glazing
1 0 204.857031 -290.294727 413.223684 0.021298225 -0.968449314 0.248298834 0 0.248355169 0.96866904 -0.999773167 -0.020630931 0.005289524 3070b.dat
0 // dark side glazing / backing
1 0 197.109436 -288.307885 413.058636 0.021298225 -0.968449314 0.248298834 0 0.248355169 0.96866904 -0.999773167 -0.020630931 0.005289524 3024.dat
0 // dark side glazing
1 0 205.282995 -290.294727 393.228221 0.021298225 -0.968449314 0.248298834 0 0.248355169 0.96866904 -0.999773167 -0.020630931 0.005289524 3070b.dat
0 // dark side glazing / backing
1 0 197.535401 -288.307885 393.063173 0.021298225 -0.968449314 0.248298834 0 0.248355169 0.96866904 -0.999773167 -0.020630931 0.005289524 3024.dat
0 // dark side glazing
1 0 205.70896 -290.294727 373.232757 0.021298225 -0.968449314 0.248298834 0 0.248355169 0.96866904 -0.999773167 -0.020630931 0.005289524 3070b.dat
0 // dark side glazing / backing
1 0 197.961365 -288.307885 373.06771 0.021298225 -0.968449314 0.248298834 0 0.248355169 0.96866904 -0.999773167 -0.020630931 0.005289524 3024.dat
0 // dark side glazing
1 0 203.864918 -299.981417 343.186667 0.021298225 -0.968449314 0.248298834 0 0.248355169 0.96866904 -0.999773167 -0.020630931 0.005289524 3068b.dat
0 // dark side glazing / backing
1 0 196.117323 -297.994576 343.021619 0.021298225 -0.968449314 0.248298834 0 0.248355169 0.96866904 -0.999773167 -0.020630931 0.005289524 3022.dat
0 // dark side glazing
1 0 204.716847 -299.981417 303.19574 0.021298225 -0.968449314 0.248298834 0 0.248355169 0.96866904 -0.999773167 -0.020630931 0.005289524 3068b.dat
0 // dark side glazing / backing
1 0 196.969253 -297.994576 303.030693 0.021298225 -0.968449314 0.248298834 0 0.248355169 0.96866904 -0.999773167 -0.020630931 0.005289524 3022.dat
0 // dark side glazing
1 0 197.480864 -329.041488 293.039323 0.021298225 -0.968449314 0.248298834 0 0.248355169 0.96866904 -0.999773167 -0.020630931 0.005289524 3070b.dat
0 // dark side glazing / backing
1 0 189.73327 -327.054647 292.874275 0.021298225 -0.968449314 0.248298834 0 0.248355169 0.96866904 -0.999773167 -0.020630931 0.005289524 3024.dat
0 // dark side glazing
1 0 203.085788 -309.668107 263.151918 -0.248298834 -0.968449314 0.021298225 -0.96866904 0.248355169 0 -0.005289524 -0.020630931 -0.999773167 26603.dat
0 // dark side glazing / backing
1 0 195.338193 -307.681266 262.986871 -0.248298834 -0.968449314 0.021298225 -0.96866904 0.248355169 0 -0.005289524 -0.020630931 -0.999773167 3021.dat
0 // dark side glazing
1 0 198.97174 -329.041488 223.055201 -0.248298834 -0.968449314 0.021298225 -0.96866904 0.248355169 0 -0.005289524 -0.020630931 -0.999773167 26603.dat
0 // dark side glazing / backing
1 0 191.224145 -327.054647 222.890154 -0.248298834 -0.968449314 0.021298225 -0.96866904 0.248355169 0 -0.005289524 -0.020630931 -0.999773167 3021.dat
0 // dark side glazing
1 0 208.690711 -290.294727 233.264514 0.021298225 -0.968449314 0.248298834 0 0.248355169 0.96866904 -0.999773167 -0.020630931 0.005289524 3070b.dat
0 // dark side glazing / backing
1 0 200.943117 -288.307885 233.099466 0.021298225 -0.968449314 0.248298834 0 0.248355169 0.96866904 -0.999773167 -0.020630931 0.005289524 3024.dat
0 // dark side glazing
1 0 199.823669 -329.041488 183.064274 -0.248298834 -0.968449314 0.021298225 -0.96866904 0.248355169 0 -0.005289524 -0.020630931 -0.999773167 26603.dat
0 // dark side glazing / backing
1 0 192.076075 -327.054647 182.899227 -0.248298834 -0.968449314 0.021298225 -0.96866904 0.248355169 0 -0.005289524 -0.020630931 -0.999773167 3021.dat
0 // dark side glazing
1 0 190.104698 -367.78825 172.854962 0.021298225 -0.968449314 0.248298834 0 0.248355169 0.96866904 -0.999773167 -0.020630931 0.005289524 3070b.dat
0 // dark side glazing / backing
1 0 182.357103 -365.801408 172.689914 0.021298225 -0.968449314 0.248298834 0 0.248355169 0.96866904 -0.999773167 -0.020630931 0.005289524 3024.dat
0 // dark side glazing
1 0 198.19261 -338.728179 143.020453 -0.248298834 -0.968449314 0.021298225 -0.96866904 0.248355169 0 -0.005289524 -0.020630931 -0.999773167 87079.dat
0 // dark side glazing / backing
1 0 190.445015 -336.741337 142.855405 -0.248298834 -0.968449314 0.021298225 -0.96866904 0.248355169 0 -0.005289524 -0.020630931 -0.999773167 3020.dat
0 // dark side glazing
1 0 194.078562 -358.10156 102.923735 -0.248298834 -0.968449314 0.021298225 -0.96866904 0.248355169 0 -0.005289524 -0.020630931 -0.999773167 87079.dat
0 // dark side glazing / backing
1 0 186.330967 -356.114718 102.758688 -0.248298834 -0.968449314 0.021298225 -0.96866904 0.248355169 0 -0.005289524 -0.020630931 -0.999773167 3020.dat
0 // dark side glazing
1 0 206.280521 -309.668107 113.185943 0.021298225 -0.968449314 0.248298834 0 0.248355169 0.96866904 -0.999773167 -0.020630931 0.005289524 3070b.dat
0 // dark side glazing / backing
1 0 198.532927 -307.681266 113.020896 0.021298225 -0.968449314 0.248298834 0 0.248355169 0.96866904 -0.999773167 -0.020630931 0.005289524 3024.dat
0 // dark side glazing
1 0 206.706486 -309.668107 93.1904798 0.021298225 -0.968449314 0.248298834 0 0.248355169 0.96866904 -0.999773167 -0.020630931 0.005289524 3070b.dat
0 // dark side glazing / backing
1 0 198.958891 -307.681266 93.0254324 0.021298225 -0.968449314 0.248298834 0 0.248355169 0.96866904 -0.999773167 -0.020630931 0.005289524 3024.dat
0 // dark side glazing
1 0 194.930491 -358.10156 62.9328086 -0.248298834 -0.968449314 0.021298225 -0.96866904 0.248355169 0 -0.005289524 -0.020630931 -0.999773167 87079.dat
0 // dark side glazing / backing
1 0 187.182896 -356.114718 62.7677612 -0.248298834 -0.968449314 0.021298225 -0.96866904 0.248355169 0 -0.005289524 -0.020630931 -0.999773167 3020.dat
0 // dark side glazing
1 0 207.13245 -309.668107 73.1950165 0.021298225 -0.968449314 0.248298834 0 0.248355169 0.96866904 -0.999773167 -0.020630931 0.005289524 3070b.dat
0 // dark side glazing / backing
1 0 199.384856 -307.681266 73.0299691 0.021298225 -0.968449314 0.248298834 0 0.248355169 0.96866904 -0.999773167 -0.020630931 0.005289524 3024.dat
0 // dark side glazing
1 0 207.558415 -309.668107 53.1995532 0.021298225 -0.968449314 0.248298834 0 0.248355169 0.96866904 -0.999773167 -0.020630931 0.005289524 3070b.dat
0 // dark side glazing / backing
1 0 199.81082 -307.681266 53.0345057 0.021298225 -0.968449314 0.248298834 0 0.248355169 0.96866904 -0.999773167 -0.020630931 0.005289524 3024.dat
0 // dark side glazing
1 0 195.569438 -358.10156 32.9396136 -0.248298834 -0.968449314 0.021298225 -0.96866904 0.248355169 0 -0.005289524 -0.020630931 -0.999773167 2431.dat
0 // dark side glazing / backing
1 0 187.821843 -356.114718 32.7745662 -0.248298834 -0.968449314 0.021298225 -0.96866904 0.248355169 0 -0.005289524 -0.020630931 -0.999773167 3710.dat
0 // dark side glazing
1 0 207.984379 -309.668107 33.2040898 0.021298225 -0.968449314 0.248298834 0 0.248355169 0.96866904 -0.999773167 -0.020630931 0.005289524 3070b.dat
0 // dark side glazing / backing
1 0 200.236785 -307.681266 33.0390424 0.021298225 -0.968449314 0.248298834 0 0.248355169 0.96866904 -0.999773167 -0.020630931 0.005289524 3024.dat
0 // dark side glazing
1 0 201.174361 -338.728179 3.0522091 -0.248298834 -0.968449314 0.021298225 -0.96866904 0.248355169 0 -0.005289524 -0.020630931 -0.999773167 87079.dat
0 // dark side glazing / backing
1 0 193.426767 -336.741337 2.8871616 -0.248298834 -0.968449314 0.021298225 -0.96866904 0.248355169 0 -0.005289524 -0.020630931 -0.999773167 3020.dat
0 // dark side glazing
1 0 202.02629 -338.728179 -36.9387176 -0.248298834 -0.968449314 0.021298225 -0.96866904 0.248355169 0 -0.005289524 -0.020630931 -0.999773167 87079.dat
0 // dark side glazing / backing
1 0 194.278696 -336.741337 -37.1037651 -0.248298834 -0.968449314 0.021298225 -0.96866904 0.248355169 0 -0.005289524 -0.020630931 -0.999773167 3020.dat
0 // dark side glazing
1 0 202.878219 -338.728179 -76.9296443 -0.248298834 -0.968449314 0.021298225 -0.96866904 0.248355169 0 -0.005289524 -0.020630931 -0.999773167 87079.dat
0 // dark side glazing / backing
1 0 195.130625 -336.741337 -77.0946917 -0.248298834 -0.968449314 0.021298225 -0.96866904 0.248355169 0 -0.005289524 -0.020630931 -0.999773167 3020.dat
0 // dark side glazing
1 0 201.034177 -348.414869 -106.975735 -0.248298834 -0.968449314 0.021298225 -0.96866904 0.248355169 0 -0.005289524 -0.020630931 -0.999773167 63864.dat
0 // dark side glazing / backing
1 0 193.286583 -346.428028 -107.140782 -0.248298834 -0.968449314 0.021298225 -0.96866904 0.248355169 0 -0.005289524 -0.020630931 -0.999773167 3623.dat
0 // dark side glazing
1 0 204.156113 -338.728179 -136.916034 0.021298225 -0.968449314 0.248298834 0 0.248355169 0.96866904 -0.999773167 -0.020630931 0.005289524 3068b.dat
0 // dark side glazing / backing
1 0 196.408518 -336.741337 -137.081082 0.021298225 -0.968449314 0.248298834 0 0.248355169 0.96866904 -0.999773167 -0.020630931 0.005289524 3022.dat
0 // dark side glazing
1 0 204.795059 -338.728179 -166.909229 -0.248298834 -0.968449314 0.021298225 -0.96866904 0.248355169 0 -0.005289524 -0.020630931 -0.999773167 3069b.dat
0 // dark side glazing / backing
1 0 197.047465 -336.741337 -167.074277 -0.248298834 -0.968449314 0.021298225 -0.96866904 0.248355169 0 -0.005289524 -0.020630931 -0.999773167 3023.dat
0 // stainless window perimeter
1 71 209.115181 -288.644696 425.435568 0.059515276 -0.968452235 -0.241988015 0.31106856 0.248339908 -0.917367778 0.948522157 -0.020677467 0.316035061 2431.dat
0 // stainless window perimeter / backing
1 72 201.367563 -286.657977 425.270148 0.059515276 -0.968452235 -0.241988015 0.31106856 0.248339908 -0.917367778 0.948522157 -0.020677467 0.316035061 3710.dat
0 // stainless window perimeter
1 71 204.353959 -313.530181 349.553795 0.059515276 -0.968452235 -0.241988015 0.31106856 0.248339908 -0.917367778 0.948522157 -0.020677467 0.316035061 2431.dat
0 // stainless window perimeter / backing
1 72 196.606341 -311.543461 349.388375 0.059515276 -0.968452235 -0.241988015 0.31106856 0.248339908 -0.917367778 0.948522157 -0.020677467 0.316035061 3710.dat
0 // stainless window perimeter
1 71 199.592737 -338.415665 273.672023 0.059515276 -0.968452235 -0.241988015 0.31106856 0.248339908 -0.917367778 0.948522157 -0.020677467 0.316035061 2431.dat
0 // stainless window perimeter / backing
1 72 191.845119 -336.428946 273.506603 0.059515276 -0.968452235 -0.241988015 0.31106856 0.248339908 -0.917367778 0.948522157 -0.020677467 0.316035061 3710.dat
0 // stainless window perimeter
1 71 194.831515 -363.30115 197.79025 0.059515276 -0.968452235 -0.241988015 0.31106856 0.248339908 -0.917367778 0.948522157 -0.020677467 0.316035061 2431.dat
0 // stainless window perimeter / backing
1 72 187.083897 -361.314431 197.62483 0.059515276 -0.968452235 -0.241988015 0.31106856 0.248339908 -0.917367778 0.948522157 -0.020677467 0.316035061 3710.dat
0 // stainless window perimeter
1 71 190.070293 -388.186635 121.908477 0.059515276 -0.968452235 -0.241988015 0.31106856 0.248339908 -0.917367778 0.948522157 -0.020677467 0.316035061 2431.dat
0 // stainless window perimeter / backing
1 72 182.322675 -386.199916 121.743058 0.059515276 -0.968452235 -0.241988015 0.31106856 0.248339908 -0.917367778 0.948522157 -0.020677467 0.316035061 3710.dat
0 // stainless window perimeter
1 71 192.005896 -386.192316 54.4005283 -0.094551733 -0.968484934 -0.23042765 -0.291131158 0.248245722 -0.9239138 0.951999274 -0.020272982 -0.305428204 2431.dat
0 // stainless window perimeter / backing
1 72 184.258016 -384.206351 54.2383445 -0.094551733 -0.968484934 -0.23042765 -0.291131158 0.248245722 -0.9239138 0.951999274 -0.020272982 -0.305428204 3710.dat
0 // stainless window perimeter
1 71 199.570034 -362.901824 -21.7594136 -0.094551733 -0.968484934 -0.23042765 -0.291131158 0.248245722 -0.9239138 0.951999274 -0.020272982 -0.305428204 2431.dat
0 // stainless window perimeter / backing
1 72 191.822155 -360.915858 -21.9215975 -0.094551733 -0.968484934 -0.23042765 -0.291131158 0.248245722 -0.9239138 0.951999274 -0.020272982 -0.305428204 3710.dat
0 // stainless window perimeter
1 71 207.134173 -339.611331 -97.9193556 -0.094551733 -0.968484934 -0.23042765 -0.291131158 0.248245722 -0.9239138 0.951999274 -0.020272982 -0.305428204 2431.dat
0 // stainless window perimeter / backing
1 72 199.386293 -337.625365 -98.0815394 -0.094551733 -0.968484934 -0.23042765 -0.291131158 0.248245722 -0.9239138 0.951999274 -0.020272982 -0.305428204 3710.dat
0 // stainless window perimeter
1 71 212.807277 -322.143462 -155.039312 -0.094551733 -0.968484934 -0.23042765 -0.291131158 0.248245722 -0.9239138 0.951999274 -0.020272982 -0.305428204 3069b.dat
0 // stainless window perimeter / backing
1 72 205.059397 -320.157496 -155.201496 -0.094551733 -0.968484934 -0.23042765 -0.291131158 0.248245722 -0.9239138 0.951999274 -0.020272982 -0.305428204 3023.dat
0 // continuous belt trim
1 71 217.52003 -280.153995 423.576645 -0.005338553 -0.968450048 -0.249150567 0.061547776 0.248363524 -0.96670959 0.998089861 -0.020495494 0.058280045 2431.dat
0 // continuous belt trim / backing
1 72 209.772429 -278.167087 423.412681 -0.005338553 -0.968450048 -0.249150567 0.061547776 0.248363524 -0.96670959 0.998089861 -0.020495494 0.058280045 3710.dat
0 // continuous belt trim
1 71 217.947114 -285.077817 343.729456 -0.005338553 -0.968450048 -0.249150567 0.061547776 0.248363524 -0.96670959 0.998089861 -0.020495494 0.058280045 2431.dat
0 // continuous belt trim / backing
1 72 210.199514 -283.090909 343.565492 -0.005338553 -0.968450048 -0.249150567 0.061547776 0.248363524 -0.96670959 0.998089861 -0.020495494 0.058280045 3710.dat
0 // continuous belt trim
1 71 218.374198 -290.00164 263.882267 -0.005338553 -0.968450048 -0.249150567 0.061547776 0.248363524 -0.96670959 0.998089861 -0.020495494 0.058280045 2431.dat
0 // continuous belt trim / backing
1 72 210.626598 -288.014731 263.718303 -0.005338553 -0.968450048 -0.249150567 0.061547776 0.248363524 -0.96670959 0.998089861 -0.020495494 0.058280045 3710.dat
0 // continuous belt trim
1 71 218.801283 -294.925462 184.035078 -0.005338553 -0.968450048 -0.249150567 0.061547776 0.248363524 -0.96670959 0.998089861 -0.020495494 0.058280045 2431.dat
0 // continuous belt trim / backing
1 72 211.053682 -292.938554 183.871114 -0.005338553 -0.968450048 -0.249150567 0.061547776 0.248363524 -0.96670959 0.998089861 -0.020495494 0.058280045 3710.dat
0 // continuous belt trim
1 71 219.228367 -299.849284 104.187889 -0.005338553 -0.968450048 -0.249150567 0.061547776 0.248363524 -0.96670959 0.998089861 -0.020495494 0.058280045 2431.dat
0 // continuous belt trim / backing
1 72 211.480766 -297.862376 104.023926 -0.005338553 -0.968450048 -0.249150567 0.061547776 0.248363524 -0.96670959 0.998089861 -0.020495494 0.058280045 3710.dat
0 // continuous belt trim
1 71 219.655451 -304.773106 24.3407006 -0.005338553 -0.968450048 -0.249150567 0.061547776 0.248363524 -0.96670959 0.998089861 -0.020495494 0.058280045 2431.dat
0 // continuous belt trim / backing
1 72 211.907851 -302.786198 24.1767366 -0.005338553 -0.968450048 -0.249150567 0.061547776 0.248363524 -0.96670959 0.998089861 -0.020495494 0.058280045 3710.dat
0 // continuous belt trim
1 71 220.082535 -309.696928 -55.5064883 -0.005338553 -0.968450048 -0.249150567 0.061547776 0.248363524 -0.96670959 0.998089861 -0.020495494 0.058280045 2431.dat
0 // continuous belt trim / backing
1 72 212.334935 -307.71002 -55.6704523 -0.005338553 -0.968450048 -0.249150567 0.061547776 0.248363524 -0.96670959 0.998089861 -0.020495494 0.058280045 3710.dat
0 // continuous belt trim
1 71 220.50962 -314.62075 -135.353677 -0.005338553 -0.968450048 -0.249150567 0.061547776 0.248363524 -0.96670959 0.998089861 -0.020495494 0.058280045 2431.dat
0 // continuous belt trim / backing
1 72 212.762019 -312.633842 -135.517641 -0.005338553 -0.968450048 -0.249150567 0.061547776 0.248363524 -0.96670959 0.998089861 -0.020495494 0.058280045 3710.dat
0 // rear sail
1 71 220 -332.661893 -193.442557 0 -1 0 0 0 1 -1 0 0 3068b.dat
0 // rear sail / backing
1 72 212 -332.661893 -193.442557 0 -1 0 0 0 1 -1 0 0 3022.dat
0 // rear sail
1 71 220 -332.661893 -233.442557 0 -1 0 0 0 1 -1 0 0 3068b.dat
0 // rear sail / backing
1 72 212 -332.661893 -233.442557 0 -1 0 0 0 1 -1 0 0 3022.dat
0 // rear sail
1 71 220 -332.661893 -263.442557 0 -1 0 -1 0 0 0 0 -1 3069b.dat
0 // rear sail / backing
1 72 212 -332.661893 -263.442557 0 -1 0 -1 0 0 0 0 -1 3023.dat
0 // rear sail
1 71 220 -322.661893 -283.442557 0 -1 0 0 0 1 -1 0 0 3070b.dat
0 // rear sail / backing
1 72 212 -322.661893 -283.442557 0 -1 0 0 0 1 -1 0 0 3024.dat
0 // rear sail
1 71 220 -322.661893 -303.442557 0 -1 0 0 0 1 -1 0 0 3070b.dat
0 // rear sail / backing
1 72 212 -322.661893 -303.442557 0 -1 0 0 0 1 -1 0 0 3024.dat
0 // rear sail
1 71 220 -322.661893 -323.442557 0 -1 0 0 0 1 -1 0 0 3070b.dat
0 // rear sail / backing
1 72 212 -322.661893 -323.442557 0 -1 0 0 0 1 -1 0 0 3024.dat
0 // rear sail
1 71 220 -322.661893 -343.442557 0 -1 0 0 0 1 -1 0 0 3070b.dat
0 // rear sail / backing
1 72 212 -322.661893 -343.442557 0 -1 0 0 0 1 -1 0 0 3024.dat
0 // rear sail
1 71 220 -322.661893 -363.442557 0 -1 0 0 0 1 -1 0 0 3070b.dat
0 // rear sail / backing
1 72 212 -322.661893 -363.442557 0 -1 0 0 0 1 -1 0 0 3024.dat
0 // rear sail
1 71 220 -322.661893 -383.442557 0 -1 0 0 0 1 -1 0 0 3070b.dat
0 // rear sail / backing
1 72 212 -322.661893 -383.442557 0 -1 0 0 0 1 -1 0 0 3024.dat
0 // rear sail
1 71 220 -302.661893 -403.442557 0 -1 0 0 0 1 -1 0 0 3070b.dat
0 // rear sail / backing
1 72 212 -302.661893 -403.442557 0 -1 0 0 0 1 -1 0 0 3024.dat
0 // rear sail
1 71 220 -302.661893 -423.442557 0 -1 0 0 0 1 -1 0 0 3070b.dat
0 // rear sail / backing
1 72 212 -302.661893 -423.442557 0 -1 0 0 0 1 -1 0 0 3024.dat
0 // rear sail
1 71 220 -302.661893 -443.442557 0 -1 0 0 0 1 -1 0 0 3070b.dat
0 // rear sail / backing
1 72 212 -302.661893 -443.442557 0 -1 0 0 0 1 -1 0 0 3024.dat
0 // rear sail
1 71 220 -302.661893 -463.442557 0 -1 0 0 0 1 -1 0 0 3070b.dat
0 // rear sail / backing
1 72 212 -302.661893 -463.442557 0 -1 0 0 0 1 -1 0 0 3024.dat
0 // rear sail
1 71 220 -302.661893 -483.442557 0 -1 0 0 0 1 -1 0 0 3070b.dat
0 // rear sail / backing
1 72 212 -302.661893 -483.442557 0 -1 0 0 0 1 -1 0 0 3024.dat
0 // rear sail
1 71 220 -302.661893 -503.442557 0 -1 0 0 0 1 -1 0 0 3070b.dat
0 // rear sail / backing
1 72 212 -302.661893 -503.442557 0 -1 0 0 0 1 -1 0 0 3024.dat
0 // smooth descending cargo rail
1 71 220 -370.071517 -212.895908 0 0 -1 -0.164759396 0.986333788 0 0.986333788 0.164759396 0 87079.dat
0 // smooth descending cargo rail / backing
1 72 220 -362.180847 -211.577833 0 0 -1 -0.164759396 0.986333788 0 0.986333788 0.164759396 0 3020.dat
0 // smooth descending cargo rail
1 71 220 -356.890765 -291.802611 0 0 -1 -0.164759396 0.986333788 0 0.986333788 0.164759396 0 87079.dat
0 // smooth descending cargo rail / backing
1 72 220 -349.000095 -290.484536 0 0 -1 -0.164759396 0.986333788 0 0.986333788 0.164759396 0 3020.dat
0 // smooth descending cargo rail
1 71 220 -343.710014 -370.709314 0 0 -1 -0.164759396 0.986333788 0 0.986333788 0.164759396 0 87079.dat
0 // smooth descending cargo rail / backing
1 72 220 -335.819344 -369.391239 0 0 -1 -0.164759396 0.986333788 0 0.986333788 0.164759396 0 3020.dat
0 // smooth descending cargo rail
1 71 220 -330.529262 -449.616017 0 0 -1 -0.164759396 0.986333788 0 0.986333788 0.164759396 0 87079.dat
0 // smooth descending cargo rail / backing
1 72 220 -322.638592 -448.297942 0 0 -1 -0.164759396 0.986333788 0 0.986333788 0.164759396 0 3020.dat
0 // smooth descending cargo rail
1 71 220 -317.34851 -528.52272 0 0 -1 -0.164759396 0.986333788 0 0.986333788 0.164759396 0 87079.dat
0 // smooth descending cargo rail / backing
1 72 220 -309.45784 -527.204645 0 0 -1 -0.164759396 0.986333788 0 0.986333788 0.164759396 0 3020.dat
0 // smooth descending cargo rail
1 71 220 -304.167759 -607.429423 0 0 -1 -0.164759396 0.986333788 0 0.986333788 0.164759396 0 87079.dat
0 // smooth descending cargo rail / backing
1 72 220 -296.277088 -606.111348 0 0 -1 -0.164759396 0.986333788 0 0.986333788 0.164759396 0 3020.dat
0 // angular wheel arch
1 0 233 -114.315987 329.485655 0 -1 0 1 0 0 0 0 1 63864.dat
0 // angular wheel arch / backing
1 0 225 -114.315987 329.485655 0 -1 0 1 0 0 0 0 1 3623.dat
0 // angular wheel arch
1 0 233 -181.972972 357.769927 0 -1 0 0.707106781 0 0.707106781 -0.707106781 0 0.707106781 2431.dat
0 // angular wheel arch / backing
1 0 225 -181.972972 357.769927 0 -1 0 0.707106781 0 0.707106781 -0.707106781 0 0.707106781 3710.dat
0 // angular wheel arch
1 0 233 -217.328311 393.125266 -0 -1 0 0.707106781 -0 -0.707106781 0.707106781 0 0.707106781 3070b.dat
0 // angular wheel arch / backing
1 0 225 -217.328311 393.125266 -0 -1 0 0.707106781 -0 -0.707106781 0.707106781 0 0.707106781 3024.dat
0 // angular wheel arch
1 0 233 -224.631973 440.428928 0 -1 0 0 0 1 -1 0 0 2431.dat
0 // angular wheel arch / backing
1 0 225 -224.631973 440.428928 0 -1 0 0 0 1 -1 0 0 3710.dat
0 // angular wheel arch
1 0 233 -224.631973 490.428928 0 -1 0 1 0 0 0 0 1 3070b.dat
0 // angular wheel arch / backing
1 0 225 -224.631973 490.428928 0 -1 0 1 0 0 0 0 1 3024.dat
0 // angular wheel arch
1 0 233 -196.347702 531.458628 0 -1 0 -0.707106781 0 0.707106781 -0.707106781 0 -0.707106781 2431.dat
0 // angular wheel arch / backing
1 0 225 -196.347702 531.458628 0 -1 0 -0.707106781 0 0.707106781 -0.707106781 0 -0.707106781 3710.dat
0 // angular wheel arch
1 0 233 -160.992363 566.813967 0 -1 0 0.707106781 0 0.707106781 -0.707106781 0 0.707106781 3070b.dat
0 // angular wheel arch / backing
1 0 225 -160.992363 566.813967 0 -1 0 0.707106781 0 0.707106781 -0.707106781 0 0.707106781 3024.dat
0 // angular wheel arch
1 0 233 -123.688701 574.117629 0 -1 0 -1 0 0 0 0 -1 63864.dat
0 // angular wheel arch / backing
1 0 225 -123.688701 574.117629 0 -1 0 -1 0 0 0 0 -1 3623.dat
0 // wheels and hubs
1 0 198.663181 -102.53922 451.801642 0 0 1 0 1 0 -1 0 0 45982.dat
1 0 198.663181 -102.53922 451.801642 0 0 1 0 1 0 -1 0 0 56908.dat
0 // angular wheel arch
1 0 233 -114.315987 -499.169317 0 -1 0 1 0 0 0 0 1 63864.dat
0 // angular wheel arch / backing
1 0 225 -114.315987 -499.169317 0 -1 0 1 0 0 0 0 1 3623.dat
0 // angular wheel arch
1 0 233 -181.972972 -470.885046 0 -1 0 0.707106781 0 0.707106781 -0.707106781 0 0.707106781 2431.dat
0 // angular wheel arch / backing
1 0 225 -181.972972 -470.885046 0 -1 0 0.707106781 0 0.707106781 -0.707106781 0 0.707106781 3710.dat
0 // angular wheel arch
1 0 233 -217.328311 -435.529707 -0 -1 0 0.707106781 -0 -0.707106781 0.707106781 0 0.707106781 3070b.dat
0 // angular wheel arch / backing
1 0 225 -217.328311 -435.529707 -0 -1 0 0.707106781 -0 -0.707106781 0.707106781 0 0.707106781 3024.dat
0 // angular wheel arch
1 0 233 -224.631973 -388.226045 0 -1 0 0 0 1 -1 0 0 2431.dat
0 // angular wheel arch / backing
1 0 225 -224.631973 -388.226045 0 -1 0 0 0 1 -1 0 0 3710.dat
0 // angular wheel arch
1 0 233 -224.631973 -338.226045 0 -1 0 1 0 0 0 0 1 3070b.dat
0 // angular wheel arch / backing
1 0 225 -224.631973 -338.226045 0 -1 0 1 0 0 0 0 1 3024.dat
0 // angular wheel arch
1 0 233 -196.347702 -297.196345 0 -1 0 -0.707106781 0 0.707106781 -0.707106781 0 -0.707106781 2431.dat
0 // angular wheel arch / backing
1 0 225 -196.347702 -297.196345 0 -1 0 -0.707106781 0 0.707106781 -0.707106781 0 -0.707106781 3710.dat
0 // angular wheel arch
1 0 233 -160.992363 -261.841006 0 -1 0 0.707106781 0 0.707106781 -0.707106781 0 0.707106781 3070b.dat
0 // angular wheel arch / backing
1 0 225 -160.992363 -261.841006 0 -1 0 0.707106781 0 0.707106781 -0.707106781 0 0.707106781 3024.dat
0 // angular wheel arch
1 0 233 -123.688701 -254.537344 0 -1 0 -1 0 0 0 0 -1 63864.dat
0 // angular wheel arch / backing
1 0 225 -123.688701 -254.537344 0 -1 0 -1 0 0 0 0 -1 3623.dat
0 // wheels and hubs
1 0 198.663181 -102.241575 -376.853331 0 0 1 0 1 0 -1 0 0 45982.dat
1 0 198.663181 -102.241575 -376.853331 0 0 1 0 1 0 -1 0 0 56908.dat
0 // flush door handles
1 72 228 -269.093149 245.52429 0 -1 0 0 0 1 -1 0 0 3069b.dat
1 72 228 -277.330655 59.3168025 0 -1 0 0 0 1 -1 0 0 3069b.dat
0 // sloping stainless hood
1 71 180 -253.229432 592.827076 0 0 -1 0.309718847 0.950828184 0 0.950828184 -0.309718847 0 87079.dat
0 // sloping stainless hood / backing
1 72 180 -245.622806 590.349325 0 0 -1 0.309718847 0.950828184 0 0.950828184 -0.309718847 0 3020.dat
0 // sloping stainless hood
1 71 180 -274.909751 526.269103 0 0 -1 0.309718847 0.950828184 0 0.950828184 -0.309718847 0 26603.dat
0 // sloping stainless hood / backing
1 72 180 -267.303126 523.791352 0 0 -1 0.309718847 0.950828184 0 0.950828184 -0.309718847 0 3021.dat
0 // sloping stainless hood
1 71 140 -253.229432 592.827076 0 0 -1 0.309718847 0.950828184 0 0.950828184 -0.309718847 0 87079.dat
0 // sloping stainless hood / backing
1 72 140 -245.622806 590.349325 0 0 -1 0.309718847 0.950828184 0 0.950828184 -0.309718847 0 3020.dat
0 // sloping stainless hood
1 71 140 -274.909751 526.269103 0 0 -1 0.309718847 0.950828184 0 0.950828184 -0.309718847 0 26603.dat
0 // sloping stainless hood / backing
1 72 140 -267.303126 523.791352 0 0 -1 0.309718847 0.950828184 0 0.950828184 -0.309718847 0 3021.dat
0 // sloping stainless hood
1 71 100 -253.229432 592.827076 0 0 -1 0.309718847 0.950828184 0 0.950828184 -0.309718847 0 87079.dat
0 // sloping stainless hood / backing
1 72 100 -245.622806 590.349325 0 0 -1 0.309718847 0.950828184 0 0.950828184 -0.309718847 0 3020.dat
0 // sloping stainless hood
1 71 100 -274.909751 526.269103 0 0 -1 0.309718847 0.950828184 0 0.950828184 -0.309718847 0 26603.dat
0 // sloping stainless hood / backing
1 72 100 -267.303126 523.791352 0 0 -1 0.309718847 0.950828184 0 0.950828184 -0.309718847 0 3021.dat
0 // sloping stainless hood
1 71 60 -253.229432 592.827076 0 0 -1 0.309718847 0.950828184 0 0.950828184 -0.309718847 0 87079.dat
0 // sloping stainless hood / backing
1 72 60 -245.622806 590.349325 0 0 -1 0.309718847 0.950828184 0 0.950828184 -0.309718847 0 3020.dat
0 // sloping stainless hood
1 71 60 -274.909751 526.269103 0 0 -1 0.309718847 0.950828184 0 0.950828184 -0.309718847 0 26603.dat
0 // sloping stainless hood / backing
1 72 60 -267.303126 523.791352 0 0 -1 0.309718847 0.950828184 0 0.950828184 -0.309718847 0 3021.dat
0 // sloping stainless hood
1 71 20 -253.229432 592.827076 0 0 -1 0.309718847 0.950828184 0 0.950828184 -0.309718847 0 87079.dat
0 // sloping stainless hood / backing
1 72 20 -245.622806 590.349325 0 0 -1 0.309718847 0.950828184 0 0.950828184 -0.309718847 0 3020.dat
0 // sloping stainless hood
1 71 20 -274.909751 526.269103 0 0 -1 0.309718847 0.950828184 0 0.950828184 -0.309718847 0 26603.dat
0 // sloping stainless hood / backing
1 72 20 -267.303126 523.791352 0 0 -1 0.309718847 0.950828184 0 0.950828184 -0.309718847 0 3021.dat
0 // sloping stainless hood
1 71 -20 -253.229432 592.827076 0 0 -1 0.309718847 0.950828184 0 0.950828184 -0.309718847 0 87079.dat
0 // sloping stainless hood / backing
1 72 -20 -245.622806 590.349325 0 0 -1 0.309718847 0.950828184 0 0.950828184 -0.309718847 0 3020.dat
0 // sloping stainless hood
1 71 -20 -274.909751 526.269103 0 0 -1 0.309718847 0.950828184 0 0.950828184 -0.309718847 0 26603.dat
0 // sloping stainless hood / backing
1 72 -20 -267.303126 523.791352 0 0 -1 0.309718847 0.950828184 0 0.950828184 -0.309718847 0 3021.dat
0 // sloping stainless hood
1 71 -60 -253.229432 592.827076 0 0 -1 0.309718847 0.950828184 0 0.950828184 -0.309718847 0 87079.dat
0 // sloping stainless hood / backing
1 72 -60 -245.622806 590.349325 0 0 -1 0.309718847 0.950828184 0 0.950828184 -0.309718847 0 3020.dat
0 // sloping stainless hood
1 71 -60 -274.909751 526.269103 0 0 -1 0.309718847 0.950828184 0 0.950828184 -0.309718847 0 26603.dat
0 // sloping stainless hood / backing
1 72 -60 -267.303126 523.791352 0 0 -1 0.309718847 0.950828184 0 0.950828184 -0.309718847 0 3021.dat
0 // sloping stainless hood
1 71 -100 -253.229432 592.827076 0 0 -1 0.309718847 0.950828184 0 0.950828184 -0.309718847 0 87079.dat
0 // sloping stainless hood / backing
1 72 -100 -245.622806 590.349325 0 0 -1 0.309718847 0.950828184 0 0.950828184 -0.309718847 0 3020.dat
0 // sloping stainless hood
1 71 -100 -274.909751 526.269103 0 0 -1 0.309718847 0.950828184 0 0.950828184 -0.309718847 0 26603.dat
0 // sloping stainless hood / backing
1 72 -100 -267.303126 523.791352 0 0 -1 0.309718847 0.950828184 0 0.950828184 -0.309718847 0 3021.dat
0 // sloping stainless hood
1 71 -140 -253.229432 592.827076 0 0 -1 0.309718847 0.950828184 0 0.950828184 -0.309718847 0 87079.dat
0 // sloping stainless hood / backing
1 72 -140 -245.622806 590.349325 0 0 -1 0.309718847 0.950828184 0 0.950828184 -0.309718847 0 3020.dat
0 // sloping stainless hood
1 71 -140 -274.909751 526.269103 0 0 -1 0.309718847 0.950828184 0 0.950828184 -0.309718847 0 26603.dat
0 // sloping stainless hood / backing
1 72 -140 -267.303126 523.791352 0 0 -1 0.309718847 0.950828184 0 0.950828184 -0.309718847 0 3021.dat
0 // sloping stainless hood
1 71 -180 -253.229432 592.827076 0 0 -1 0.309718847 0.950828184 0 0.950828184 -0.309718847 0 87079.dat
0 // sloping stainless hood / backing
1 72 -180 -245.622806 590.349325 0 0 -1 0.309718847 0.950828184 0 0.950828184 -0.309718847 0 3020.dat
0 // sloping stainless hood
1 71 -180 -274.909751 526.269103 0 0 -1 0.309718847 0.950828184 0 0.950828184 -0.309718847 0 26603.dat
0 // sloping stainless hood / backing
1 72 -180 -267.303126 523.791352 0 0 -1 0.309718847 0.950828184 0 0.950828184 -0.309718847 0 3021.dat
0 // panoramic windshield
1 0 160 -298.506319 453.521781 0 0 -1 0.307462921 0.951560062 0 0.951560062 -0.307462921 0 87079.dat
0 // panoramic windshield / backing
1 0 160 -290.893839 451.062078 0 0 -1 0.307462921 0.951560062 0 0.951560062 -0.307462921 0 3020.dat
0 // panoramic windshield
1 0 160 -323.103353 377.396976 0 0 -1 0.307462921 0.951560062 0 0.951560062 -0.307462921 0 87079.dat
0 // panoramic windshield / backing
1 0 160 -315.490872 374.937273 0 0 -1 0.307462921 0.951560062 0 0.951560062 -0.307462921 0 3020.dat
0 // panoramic windshield
1 0 160 -347.700387 301.272172 0 0 -1 0.307462921 0.951560062 0 0.951560062 -0.307462921 0 87079.dat
0 // panoramic windshield / backing
1 0 160 -340.087906 298.812468 0 0 -1 0.307462921 0.951560062 0 0.951560062 -0.307462921 0 3020.dat
0 // panoramic windshield
1 0 160 -372.29742 225.147367 0 0 -1 0.307462921 0.951560062 0 0.951560062 -0.307462921 0 87079.dat
0 // panoramic windshield / backing
1 0 160 -364.68494 222.687663 0 0 -1 0.307462921 0.951560062 0 0.951560062 -0.307462921 0 3020.dat
0 // panoramic windshield
1 0 160 -393.819825 158.538162 0 0 -1 0.307462921 0.951560062 0 0.951560062 -0.307462921 0 26603.dat
0 // panoramic windshield / backing
1 0 160 -386.207344 156.078459 0 0 -1 0.307462921 0.951560062 0 0.951560062 -0.307462921 0 3021.dat
0 // panoramic windshield
1 0 120 -298.506319 453.521781 0 0 -1 0.307462921 0.951560062 0 0.951560062 -0.307462921 0 87079.dat
0 // panoramic windshield / backing
1 0 120 -290.893839 451.062078 0 0 -1 0.307462921 0.951560062 0 0.951560062 -0.307462921 0 3020.dat
0 // panoramic windshield
1 0 120 -323.103353 377.396976 0 0 -1 0.307462921 0.951560062 0 0.951560062 -0.307462921 0 87079.dat
0 // panoramic windshield / backing
1 0 120 -315.490872 374.937273 0 0 -1 0.307462921 0.951560062 0 0.951560062 -0.307462921 0 3020.dat
0 // panoramic windshield
1 0 120 -347.700387 301.272172 0 0 -1 0.307462921 0.951560062 0 0.951560062 -0.307462921 0 87079.dat
0 // panoramic windshield / backing
1 0 120 -340.087906 298.812468 0 0 -1 0.307462921 0.951560062 0 0.951560062 -0.307462921 0 3020.dat
0 // panoramic windshield
1 0 120 -372.29742 225.147367 0 0 -1 0.307462921 0.951560062 0 0.951560062 -0.307462921 0 87079.dat
0 // panoramic windshield / backing
1 0 120 -364.68494 222.687663 0 0 -1 0.307462921 0.951560062 0 0.951560062 -0.307462921 0 3020.dat
0 // panoramic windshield
1 0 120 -393.819825 158.538162 0 0 -1 0.307462921 0.951560062 0 0.951560062 -0.307462921 0 26603.dat
0 // panoramic windshield / backing
1 0 120 -386.207344 156.078459 0 0 -1 0.307462921 0.951560062 0 0.951560062 -0.307462921 0 3021.dat
0 // panoramic windshield
1 0 80 -298.506319 453.521781 0 0 -1 0.307462921 0.951560062 0 0.951560062 -0.307462921 0 87079.dat
0 // panoramic windshield / backing
1 0 80 -290.893839 451.062078 0 0 -1 0.307462921 0.951560062 0 0.951560062 -0.307462921 0 3020.dat
0 // panoramic windshield
1 0 80 -323.103353 377.396976 0 0 -1 0.307462921 0.951560062 0 0.951560062 -0.307462921 0 87079.dat
0 // panoramic windshield / backing
1 0 80 -315.490872 374.937273 0 0 -1 0.307462921 0.951560062 0 0.951560062 -0.307462921 0 3020.dat
0 // panoramic windshield
1 0 80 -347.700387 301.272172 0 0 -1 0.307462921 0.951560062 0 0.951560062 -0.307462921 0 87079.dat
0 // panoramic windshield / backing
1 0 80 -340.087906 298.812468 0 0 -1 0.307462921 0.951560062 0 0.951560062 -0.307462921 0 3020.dat
0 // panoramic windshield
1 0 80 -372.29742 225.147367 0 0 -1 0.307462921 0.951560062 0 0.951560062 -0.307462921 0 87079.dat
0 // panoramic windshield / backing
1 0 80 -364.68494 222.687663 0 0 -1 0.307462921 0.951560062 0 0.951560062 -0.307462921 0 3020.dat
0 // panoramic windshield
1 0 80 -393.819825 158.538162 0 0 -1 0.307462921 0.951560062 0 0.951560062 -0.307462921 0 26603.dat
0 // panoramic windshield / backing
1 0 80 -386.207344 156.078459 0 0 -1 0.307462921 0.951560062 0 0.951560062 -0.307462921 0 3021.dat
0 // panoramic windshield
1 0 40 -298.506319 453.521781 0 0 -1 0.307462921 0.951560062 0 0.951560062 -0.307462921 0 87079.dat
0 // panoramic windshield / backing
1 0 40 -290.893839 451.062078 0 0 -1 0.307462921 0.951560062 0 0.951560062 -0.307462921 0 3020.dat
0 // panoramic windshield
1 0 40 -323.103353 377.396976 0 0 -1 0.307462921 0.951560062 0 0.951560062 -0.307462921 0 87079.dat
0 // panoramic windshield / backing
1 0 40 -315.490872 374.937273 0 0 -1 0.307462921 0.951560062 0 0.951560062 -0.307462921 0 3020.dat
0 // panoramic windshield
1 0 40 -347.700387 301.272172 0 0 -1 0.307462921 0.951560062 0 0.951560062 -0.307462921 0 87079.dat
0 // panoramic windshield / backing
1 0 40 -340.087906 298.812468 0 0 -1 0.307462921 0.951560062 0 0.951560062 -0.307462921 0 3020.dat
0 // panoramic windshield
1 0 40 -372.29742 225.147367 0 0 -1 0.307462921 0.951560062 0 0.951560062 -0.307462921 0 87079.dat
0 // panoramic windshield / backing
1 0 40 -364.68494 222.687663 0 0 -1 0.307462921 0.951560062 0 0.951560062 -0.307462921 0 3020.dat
0 // panoramic windshield
1 0 40 -393.819825 158.538162 0 0 -1 0.307462921 0.951560062 0 0.951560062 -0.307462921 0 26603.dat
0 // panoramic windshield / backing
1 0 40 -386.207344 156.078459 0 0 -1 0.307462921 0.951560062 0 0.951560062 -0.307462921 0 3021.dat
0 // panoramic windshield
1 0 0 -298.506319 453.521781 0 0 -1 0.307462921 0.951560062 0 0.951560062 -0.307462921 0 87079.dat
0 // panoramic windshield / backing
1 0 0 -290.893839 451.062078 0 0 -1 0.307462921 0.951560062 0 0.951560062 -0.307462921 0 3020.dat
0 // panoramic windshield
1 0 0 -323.103353 377.396976 0 0 -1 0.307462921 0.951560062 0 0.951560062 -0.307462921 0 87079.dat
0 // panoramic windshield / backing
1 0 0 -315.490872 374.937273 0 0 -1 0.307462921 0.951560062 0 0.951560062 -0.307462921 0 3020.dat
0 // panoramic windshield
1 0 0 -347.700387 301.272172 0 0 -1 0.307462921 0.951560062 0 0.951560062 -0.307462921 0 87079.dat
0 // panoramic windshield / backing
1 0 0 -340.087906 298.812468 0 0 -1 0.307462921 0.951560062 0 0.951560062 -0.307462921 0 3020.dat
0 // panoramic windshield
1 0 0 -372.29742 225.147367 0 0 -1 0.307462921 0.951560062 0 0.951560062 -0.307462921 0 87079.dat
0 // panoramic windshield / backing
1 0 0 -364.68494 222.687663 0 0 -1 0.307462921 0.951560062 0 0.951560062 -0.307462921 0 3020.dat
0 // panoramic windshield
1 0 0 -393.819825 158.538162 0 0 -1 0.307462921 0.951560062 0 0.951560062 -0.307462921 0 26603.dat
0 // panoramic windshield / backing
1 0 0 -386.207344 156.078459 0 0 -1 0.307462921 0.951560062 0 0.951560062 -0.307462921 0 3021.dat
0 // panoramic windshield
1 0 -40 -298.506319 453.521781 0 0 -1 0.307462921 0.951560062 0 0.951560062 -0.307462921 0 87079.dat
0 // panoramic windshield / backing
1 0 -40 -290.893839 451.062078 0 0 -1 0.307462921 0.951560062 0 0.951560062 -0.307462921 0 3020.dat
0 // panoramic windshield
1 0 -40 -323.103353 377.396976 0 0 -1 0.307462921 0.951560062 0 0.951560062 -0.307462921 0 87079.dat
0 // panoramic windshield / backing
1 0 -40 -315.490872 374.937273 0 0 -1 0.307462921 0.951560062 0 0.951560062 -0.307462921 0 3020.dat
0 // panoramic windshield
1 0 -40 -347.700387 301.272172 0 0 -1 0.307462921 0.951560062 0 0.951560062 -0.307462921 0 87079.dat
0 // panoramic windshield / backing
1 0 -40 -340.087906 298.812468 0 0 -1 0.307462921 0.951560062 0 0.951560062 -0.307462921 0 3020.dat
0 // panoramic windshield
1 0 -40 -372.29742 225.147367 0 0 -1 0.307462921 0.951560062 0 0.951560062 -0.307462921 0 87079.dat
0 // panoramic windshield / backing
1 0 -40 -364.68494 222.687663 0 0 -1 0.307462921 0.951560062 0 0.951560062 -0.307462921 0 3020.dat
0 // panoramic windshield
1 0 -40 -393.819825 158.538162 0 0 -1 0.307462921 0.951560062 0 0.951560062 -0.307462921 0 26603.dat
0 // panoramic windshield / backing
1 0 -40 -386.207344 156.078459 0 0 -1 0.307462921 0.951560062 0 0.951560062 -0.307462921 0 3021.dat
0 // panoramic windshield
1 0 -80 -298.506319 453.521781 0 0 -1 0.307462921 0.951560062 0 0.951560062 -0.307462921 0 87079.dat
0 // panoramic windshield / backing
1 0 -80 -290.893839 451.062078 0 0 -1 0.307462921 0.951560062 0 0.951560062 -0.307462921 0 3020.dat
0 // panoramic windshield
1 0 -80 -323.103353 377.396976 0 0 -1 0.307462921 0.951560062 0 0.951560062 -0.307462921 0 87079.dat
0 // panoramic windshield / backing
1 0 -80 -315.490872 374.937273 0 0 -1 0.307462921 0.951560062 0 0.951560062 -0.307462921 0 3020.dat
0 // panoramic windshield
1 0 -80 -347.700387 301.272172 0 0 -1 0.307462921 0.951560062 0 0.951560062 -0.307462921 0 87079.dat
0 // panoramic windshield / backing
1 0 -80 -340.087906 298.812468 0 0 -1 0.307462921 0.951560062 0 0.951560062 -0.307462921 0 3020.dat
0 // panoramic windshield
1 0 -80 -372.29742 225.147367 0 0 -1 0.307462921 0.951560062 0 0.951560062 -0.307462921 0 87079.dat
0 // panoramic windshield / backing
1 0 -80 -364.68494 222.687663 0 0 -1 0.307462921 0.951560062 0 0.951560062 -0.307462921 0 3020.dat
0 // panoramic windshield
1 0 -80 -393.819825 158.538162 0 0 -1 0.307462921 0.951560062 0 0.951560062 -0.307462921 0 26603.dat
0 // panoramic windshield / backing
1 0 -80 -386.207344 156.078459 0 0 -1 0.307462921 0.951560062 0 0.951560062 -0.307462921 0 3021.dat
0 // panoramic windshield
1 0 -120 -298.506319 453.521781 0 0 -1 0.307462921 0.951560062 0 0.951560062 -0.307462921 0 87079.dat
0 // panoramic windshield / backing
1 0 -120 -290.893839 451.062078 0 0 -1 0.307462921 0.951560062 0 0.951560062 -0.307462921 0 3020.dat
0 // panoramic windshield
1 0 -120 -323.103353 377.396976 0 0 -1 0.307462921 0.951560062 0 0.951560062 -0.307462921 0 87079.dat
0 // panoramic windshield / backing
1 0 -120 -315.490872 374.937273 0 0 -1 0.307462921 0.951560062 0 0.951560062 -0.307462921 0 3020.dat
0 // panoramic windshield
1 0 -120 -347.700387 301.272172 0 0 -1 0.307462921 0.951560062 0 0.951560062 -0.307462921 0 87079.dat
0 // panoramic windshield / backing
1 0 -120 -340.087906 298.812468 0 0 -1 0.307462921 0.951560062 0 0.951560062 -0.307462921 0 3020.dat
0 // panoramic windshield
1 0 -120 -372.29742 225.147367 0 0 -1 0.307462921 0.951560062 0 0.951560062 -0.307462921 0 87079.dat
0 // panoramic windshield / backing
1 0 -120 -364.68494 222.687663 0 0 -1 0.307462921 0.951560062 0 0.951560062 -0.307462921 0 3020.dat
0 // panoramic windshield
1 0 -120 -393.819825 158.538162 0 0 -1 0.307462921 0.951560062 0 0.951560062 -0.307462921 0 26603.dat
0 // panoramic windshield / backing
1 0 -120 -386.207344 156.078459 0 0 -1 0.307462921 0.951560062 0 0.951560062 -0.307462921 0 3021.dat
0 // panoramic windshield
1 0 -160 -298.506319 453.521781 0 0 -1 0.307462921 0.951560062 0 0.951560062 -0.307462921 0 87079.dat
0 // panoramic windshield / backing
1 0 -160 -290.893839 451.062078 0 0 -1 0.307462921 0.951560062 0 0.951560062 -0.307462921 0 3020.dat
0 // panoramic windshield
1 0 -160 -323.103353 377.396976 0 0 -1 0.307462921 0.951560062 0 0.951560062 -0.307462921 0 87079.dat
0 // panoramic windshield / backing
1 0 -160 -315.490872 374.937273 0 0 -1 0.307462921 0.951560062 0 0.951560062 -0.307462921 0 3020.dat
0 // panoramic windshield
1 0 -160 -347.700387 301.272172 0 0 -1 0.307462921 0.951560062 0 0.951560062 -0.307462921 0 87079.dat
0 // panoramic windshield / backing
1 0 -160 -340.087906 298.812468 0 0 -1 0.307462921 0.951560062 0 0.951560062 -0.307462921 0 3020.dat
0 // panoramic windshield
1 0 -160 -372.29742 225.147367 0 0 -1 0.307462921 0.951560062 0 0.951560062 -0.307462921 0 87079.dat
0 // panoramic windshield / backing
1 0 -160 -364.68494 222.687663 0 0 -1 0.307462921 0.951560062 0 0.951560062 -0.307462921 0 3020.dat
0 // panoramic windshield
1 0 -160 -393.819825 158.538162 0 0 -1 0.307462921 0.951560062 0 0.951560062 -0.307462921 0 26603.dat
0 // panoramic windshield / backing
1 0 -160 -386.207344 156.078459 0 0 -1 0.307462921 0.951560062 0 0.951560062 -0.307462921 0 3021.dat
0 // ridge joining strip
1 71 160 -405.901339 112.462468 -1 0 0 0 0.984091292 -0.177663529 0 -0.177663529 -0.984091292 3068b.dat
0 // ridge joining strip / backing
1 72 160 -398.028608 111.04116 -1 0 0 0 0.984091292 -0.177663529 0 -0.177663529 -0.984091292 3022.dat
0 // ridge joining strip
1 71 120 -405.901339 112.462468 -1 0 0 0 0.984091292 -0.177663529 0 -0.177663529 -0.984091292 3068b.dat
0 // ridge joining strip / backing
1 72 120 -398.028608 111.04116 -1 0 0 0 0.984091292 -0.177663529 0 -0.177663529 -0.984091292 3022.dat
0 // ridge joining strip
1 71 80 -405.901339 112.462468 -1 0 0 0 0.984091292 -0.177663529 0 -0.177663529 -0.984091292 3068b.dat
0 // ridge joining strip / backing
1 72 80 -398.028608 111.04116 -1 0 0 0 0.984091292 -0.177663529 0 -0.177663529 -0.984091292 3022.dat
0 // ridge joining strip
1 71 40 -405.901339 112.462468 -1 0 0 0 0.984091292 -0.177663529 0 -0.177663529 -0.984091292 3068b.dat
0 // ridge joining strip / backing
1 72 40 -398.028608 111.04116 -1 0 0 0 0.984091292 -0.177663529 0 -0.177663529 -0.984091292 3022.dat
0 // ridge joining strip
1 71 0 -405.901339 112.462468 -1 0 0 0 0.984091292 -0.177663529 0 -0.177663529 -0.984091292 3068b.dat
0 // ridge joining strip / backing
1 72 0 -398.028608 111.04116 -1 0 0 0 0.984091292 -0.177663529 0 -0.177663529 -0.984091292 3022.dat
0 // ridge joining strip
1 71 -40 -405.901339 112.462468 -1 0 0 0 0.984091292 -0.177663529 0 -0.177663529 -0.984091292 3068b.dat
0 // ridge joining strip / backing
1 72 -40 -398.028608 111.04116 -1 0 0 0 0.984091292 -0.177663529 0 -0.177663529 -0.984091292 3022.dat
0 // ridge joining strip
1 71 -80 -405.901339 112.462468 -1 0 0 0 0.984091292 -0.177663529 0 -0.177663529 -0.984091292 3068b.dat
0 // ridge joining strip / backing
1 72 -80 -398.028608 111.04116 -1 0 0 0 0.984091292 -0.177663529 0 -0.177663529 -0.984091292 3022.dat
0 // ridge joining strip
1 71 -120 -405.901339 112.462468 -1 0 0 0 0.984091292 -0.177663529 0 -0.177663529 -0.984091292 3068b.dat
0 // ridge joining strip / backing
1 72 -120 -398.028608 111.04116 -1 0 0 0 0.984091292 -0.177663529 0 -0.177663529 -0.984091292 3022.dat
0 // ridge joining strip
1 71 -160 -405.901339 112.462468 -1 0 0 0 0.984091292 -0.177663529 0 -0.177663529 -0.984091292 3068b.dat
0 // ridge joining strip / backing
1 72 -160 -398.028608 111.04116 -1 0 0 0 0.984091292 -0.177663529 0 -0.177663529 -0.984091292 3022.dat
0 // faceted windshield pillar
1 71 -191.463667 -302.481571 453.598376 -0.063408335 0.477502912 -0.876339176 0.306844203 0.844898838 0.438169588 0.949645207 -0.241115992 -0.200092629 87079.dat
0 // faceted windshield pillar / backing
1 72 -187.643643 -295.72238 451.669448 -0.063408335 0.477502912 -0.876339176 0.306844203 0.844898838 0.438169588 0.949645207 -0.241115992 -0.200092629 3020.dat
0 // faceted windshield pillar
1 71 -186.391 -327.029107 377.626759 -0.063408335 0.477502912 -0.876339176 0.306844203 0.844898838 0.438169588 0.949645207 -0.241115992 -0.200092629 87079.dat
0 // faceted windshield pillar / backing
1 72 -182.570977 -320.269916 375.697831 -0.063408335 0.477502912 -0.876339176 0.306844203 0.844898838 0.438169588 0.949645207 -0.241115992 -0.200092629 3020.dat
0 // faceted windshield pillar
1 71 -181.318333 -351.576643 301.655143 -0.063408335 0.477502912 -0.876339176 0.306844203 0.844898838 0.438169588 0.949645207 -0.241115992 -0.200092629 87079.dat
0 // faceted windshield pillar / backing
1 72 -177.49831 -344.817452 299.726215 -0.063408335 0.477502912 -0.876339176 0.306844203 0.844898838 0.438169588 0.949645207 -0.241115992 -0.200092629 3020.dat
0 // faceted windshield pillar
1 71 -176.245666 -376.124179 225.683526 -0.063408335 0.477502912 -0.876339176 0.306844203 0.844898838 0.438169588 0.949645207 -0.241115992 -0.200092629 87079.dat
0 // faceted windshield pillar / backing
1 72 -172.425643 -369.364988 223.754598 -0.063408335 0.477502912 -0.876339176 0.306844203 0.844898838 0.438169588 0.949645207 -0.241115992 -0.200092629 3020.dat
0 // faceted windshield pillar
1 71 -171.807083 -397.603273 159.208362 -0.063408335 0.477502912 -0.876339176 0.306844203 0.844898838 0.438169588 0.949645207 -0.241115992 -0.200092629 26603.dat
0 // faceted windshield pillar / backing
1 72 -167.987059 -390.844083 157.279434 -0.063408335 0.477502912 -0.876339176 0.306844203 0.844898838 0.438169588 0.949645207 -0.241115992 -0.200092629 3021.dat
0 // roof side cap
1 71 -180 -408.710355 47.6948373 0 0.37472824 -0.927134697 -0.143427162 0.917548936 0.370853879 0.989660876 0.132976298 0.053746208 2431.dat
0 // roof side cap / backing
1 72 -177.002174 -401.369963 48.7586477 0 0.37472824 -0.927134697 -0.143427162 0.917548936 0.370853879 0.989660876 0.132976298 0.053746208 3710.dat
0 // roof side cap
1 71 -180 -397.236182 -31.4780327 0 0.37472824 -0.927134697 -0.143427162 0.917548936 0.370853879 0.989660876 0.132976298 0.053746208 2431.dat
0 // roof side cap / backing
1 72 -177.002174 -389.89579 -30.4142224 0 0.37472824 -0.927134697 -0.143427162 0.917548936 0.370853879 0.989660876 0.132976298 0.053746208 3710.dat
0 // roof side cap
1 71 -180 -385.762009 -110.650903 0 0.37472824 -0.927134697 -0.143427162 0.917548936 0.370853879 0.989660876 0.132976298 0.053746208 2431.dat
0 // roof side cap / backing
1 72 -177.002174 -378.421618 -109.587092 0 0.37472824 -0.927134697 -0.143427162 0.917548936 0.370853879 0.989660876 0.132976298 0.053746208 3710.dat
0 // roof side cap
1 71 -180 -378.590651 -160.133947 -0.927134697 0.37472824 0 0.370853879 0.917548936 0.143427162 0.053746208 0.132976298 -0.989660876 3070b.dat
0 // roof side cap / backing
1 72 -177.002174 -371.25026 -159.070136 -0.927134697 0.37472824 0 0.370853879 0.917548936 0.143427162 0.053746208 0.132976298 -0.989660876 3024.dat
0 // faceted windshield pillar
1 71 191.463667 -302.481571 453.598376 0.063408335 -0.477502912 -0.876339176 0.306844203 0.844898838 -0.438169588 0.949645207 -0.241115992 0.200092629 87079.dat
0 // faceted windshield pillar / backing
1 72 187.643643 -295.72238 451.669448 0.063408335 -0.477502912 -0.876339176 0.306844203 0.844898838 -0.438169588 0.949645207 -0.241115992 0.200092629 3020.dat
0 // faceted windshield pillar
1 71 186.391 -327.029107 377.626759 0.063408335 -0.477502912 -0.876339176 0.306844203 0.844898838 -0.438169588 0.949645207 -0.241115992 0.200092629 87079.dat
0 // faceted windshield pillar / backing
1 72 182.570977 -320.269916 375.697831 0.063408335 -0.477502912 -0.876339176 0.306844203 0.844898838 -0.438169588 0.949645207 -0.241115992 0.200092629 3020.dat
0 // faceted windshield pillar
1 71 181.318333 -351.576643 301.655143 0.063408335 -0.477502912 -0.876339176 0.306844203 0.844898838 -0.438169588 0.949645207 -0.241115992 0.200092629 87079.dat
0 // faceted windshield pillar / backing
1 72 177.49831 -344.817452 299.726215 0.063408335 -0.477502912 -0.876339176 0.306844203 0.844898838 -0.438169588 0.949645207 -0.241115992 0.200092629 3020.dat
0 // faceted windshield pillar
1 71 176.245666 -376.124179 225.683526 0.063408335 -0.477502912 -0.876339176 0.306844203 0.844898838 -0.438169588 0.949645207 -0.241115992 0.200092629 87079.dat
0 // faceted windshield pillar / backing
1 72 172.425643 -369.364988 223.754598 0.063408335 -0.477502912 -0.876339176 0.306844203 0.844898838 -0.438169588 0.949645207 -0.241115992 0.200092629 3020.dat
0 // faceted windshield pillar
1 71 171.807083 -397.603273 159.208362 0.063408335 -0.477502912 -0.876339176 0.306844203 0.844898838 -0.438169588 0.949645207 -0.241115992 0.200092629 26603.dat
0 // faceted windshield pillar / backing
1 72 167.987059 -390.844083 157.279434 0.063408335 -0.477502912 -0.876339176 0.306844203 0.844898838 -0.438169588 0.949645207 -0.241115992 0.200092629 3021.dat
0 // roof side cap
1 71 180 -408.710355 47.6948373 0 -0.37472824 -0.927134697 -0.143427162 0.917548936 -0.370853879 0.989660876 0.132976298 -0.053746208 2431.dat
0 // roof side cap / backing
1 72 177.002174 -401.369963 48.7586477 0 -0.37472824 -0.927134697 -0.143427162 0.917548936 -0.370853879 0.989660876 0.132976298 -0.053746208 3710.dat
0 // roof side cap
1 71 180 -397.236182 -31.4780327 0 -0.37472824 -0.927134697 -0.143427162 0.917548936 -0.370853879 0.989660876 0.132976298 -0.053746208 2431.dat
0 // roof side cap / backing
1 72 177.002174 -389.89579 -30.4142224 0 -0.37472824 -0.927134697 -0.143427162 0.917548936 -0.370853879 0.989660876 0.132976298 -0.053746208 3710.dat
0 // roof side cap
1 71 180 -385.762009 -110.650903 0 -0.37472824 -0.927134697 -0.143427162 0.917548936 -0.370853879 0.989660876 0.132976298 -0.053746208 2431.dat
0 // roof side cap / backing
1 72 177.002174 -378.421618 -109.587092 0 -0.37472824 -0.927134697 -0.143427162 0.917548936 -0.370853879 0.989660876 0.132976298 -0.053746208 3710.dat
0 // roof side cap
1 71 180 -378.590651 -160.133947 -0.927134697 -0.37472824 0 -0.370853879 0.917548936 0.143427162 -0.053746208 0.132976298 -0.989660876 3070b.dat
0 // roof side cap / backing
1 72 177.002174 -371.25026 -159.070136 -0.927134697 -0.37472824 0 -0.370853879 0.917548936 0.143427162 -0.053746208 0.132976298 -0.989660876 3024.dat
0 // stainless roof
1 71 160 -404.710355 47.6948373 0 0 -1 -0.143427162 0.989660876 0 0.989660876 0.143427162 0 87079.dat
0 // stainless roof / backing
1 72 160 -396.793068 48.8422546 0 0 -1 -0.143427162 0.989660876 0 0.989660876 0.143427162 0 3020.dat
0 // stainless roof
1 71 160 -393.236182 -31.4780327 0 0 -1 -0.143427162 0.989660876 0 0.989660876 0.143427162 0 87079.dat
0 // stainless roof / backing
1 72 160 -385.318895 -30.3306154 0 0 -1 -0.143427162 0.989660876 0 0.989660876 0.143427162 0 3020.dat
0 // stainless roof
1 71 160 -381.762009 -110.650903 0 0 -1 -0.143427162 0.989660876 0 0.989660876 0.143427162 0 87079.dat
0 // stainless roof / backing
1 72 160 -373.844722 -109.503485 0 0 -1 -0.143427162 0.989660876 0 0.989660876 0.143427162 0 3020.dat
0 // stainless roof
1 71 170 -374.590651 -160.133947 -1 0 0 0 0.989660876 0.143427162 0 0.143427162 -0.989660876 3070b.dat
0 // stainless roof / backing
1 72 170 -366.673364 -158.986529 -1 0 0 0 0.989660876 0.143427162 0 0.143427162 -0.989660876 3024.dat
0 // stainless roof
1 71 150 -374.590651 -160.133947 -1 0 0 0 0.989660876 0.143427162 0 0.143427162 -0.989660876 3070b.dat
0 // stainless roof / backing
1 72 150 -366.673364 -158.986529 -1 0 0 0 0.989660876 0.143427162 0 0.143427162 -0.989660876 3024.dat
0 // stainless roof
1 71 120 -404.710355 47.6948373 0 0 -1 -0.143427162 0.989660876 0 0.989660876 0.143427162 0 87079.dat
0 // stainless roof / backing
1 72 120 -396.793068 48.8422546 0 0 -1 -0.143427162 0.989660876 0 0.989660876 0.143427162 0 3020.dat
0 // stainless roof
1 71 120 -393.236182 -31.4780327 0 0 -1 -0.143427162 0.989660876 0 0.989660876 0.143427162 0 87079.dat
0 // stainless roof / backing
1 72 120 -385.318895 -30.3306154 0 0 -1 -0.143427162 0.989660876 0 0.989660876 0.143427162 0 3020.dat
0 // stainless roof
1 71 120 -381.762009 -110.650903 0 0 -1 -0.143427162 0.989660876 0 0.989660876 0.143427162 0 87079.dat
0 // stainless roof / backing
1 72 120 -373.844722 -109.503485 0 0 -1 -0.143427162 0.989660876 0 0.989660876 0.143427162 0 3020.dat
0 // stainless roof
1 71 130 -374.590651 -160.133947 -1 0 0 0 0.989660876 0.143427162 0 0.143427162 -0.989660876 3070b.dat
0 // stainless roof / backing
1 72 130 -366.673364 -158.986529 -1 0 0 0 0.989660876 0.143427162 0 0.143427162 -0.989660876 3024.dat
0 // stainless roof
1 71 110 -374.590651 -160.133947 -1 0 0 0 0.989660876 0.143427162 0 0.143427162 -0.989660876 3070b.dat
0 // stainless roof / backing
1 72 110 -366.673364 -158.986529 -1 0 0 0 0.989660876 0.143427162 0 0.143427162 -0.989660876 3024.dat
0 // stainless roof
1 71 80 -404.710355 47.6948373 0 0 -1 -0.143427162 0.989660876 0 0.989660876 0.143427162 0 87079.dat
0 // stainless roof / backing
1 72 80 -396.793068 48.8422546 0 0 -1 -0.143427162 0.989660876 0 0.989660876 0.143427162 0 3020.dat
0 // stainless roof
1 71 80 -393.236182 -31.4780327 0 0 -1 -0.143427162 0.989660876 0 0.989660876 0.143427162 0 87079.dat
0 // stainless roof / backing
1 72 80 -385.318895 -30.3306154 0 0 -1 -0.143427162 0.989660876 0 0.989660876 0.143427162 0 3020.dat
0 // stainless roof
1 71 80 -381.762009 -110.650903 0 0 -1 -0.143427162 0.989660876 0 0.989660876 0.143427162 0 87079.dat
0 // stainless roof / backing
1 72 80 -373.844722 -109.503485 0 0 -1 -0.143427162 0.989660876 0 0.989660876 0.143427162 0 3020.dat
0 // stainless roof
1 71 90 -374.590651 -160.133947 -1 0 0 0 0.989660876 0.143427162 0 0.143427162 -0.989660876 3070b.dat
0 // stainless roof / backing
1 72 90 -366.673364 -158.986529 -1 0 0 0 0.989660876 0.143427162 0 0.143427162 -0.989660876 3024.dat
0 // stainless roof
1 71 70 -374.590651 -160.133947 -1 0 0 0 0.989660876 0.143427162 0 0.143427162 -0.989660876 3070b.dat
0 // stainless roof / backing
1 72 70 -366.673364 -158.986529 -1 0 0 0 0.989660876 0.143427162 0 0.143427162 -0.989660876 3024.dat
0 // stainless roof
1 71 40 -404.710355 47.6948373 0 0 -1 -0.143427162 0.989660876 0 0.989660876 0.143427162 0 87079.dat
0 // stainless roof / backing
1 72 40 -396.793068 48.8422546 0 0 -1 -0.143427162 0.989660876 0 0.989660876 0.143427162 0 3020.dat
0 // stainless roof
1 71 40 -393.236182 -31.4780327 0 0 -1 -0.143427162 0.989660876 0 0.989660876 0.143427162 0 87079.dat
0 // stainless roof / backing
1 72 40 -385.318895 -30.3306154 0 0 -1 -0.143427162 0.989660876 0 0.989660876 0.143427162 0 3020.dat
0 // stainless roof
1 71 40 -381.762009 -110.650903 0 0 -1 -0.143427162 0.989660876 0 0.989660876 0.143427162 0 87079.dat
0 // stainless roof / backing
1 72 40 -373.844722 -109.503485 0 0 -1 -0.143427162 0.989660876 0 0.989660876 0.143427162 0 3020.dat
0 // stainless roof
1 71 50 -374.590651 -160.133947 -1 0 0 0 0.989660876 0.143427162 0 0.143427162 -0.989660876 3070b.dat
0 // stainless roof / backing
1 72 50 -366.673364 -158.986529 -1 0 0 0 0.989660876 0.143427162 0 0.143427162 -0.989660876 3024.dat
0 // stainless roof
1 71 30 -374.590651 -160.133947 -1 0 0 0 0.989660876 0.143427162 0 0.143427162 -0.989660876 3070b.dat
0 // stainless roof / backing
1 72 30 -366.673364 -158.986529 -1 0 0 0 0.989660876 0.143427162 0 0.143427162 -0.989660876 3024.dat
0 // stainless roof
1 71 0 -404.710355 47.6948373 0 0 -1 -0.143427162 0.989660876 0 0.989660876 0.143427162 0 87079.dat
0 // stainless roof / backing
1 72 0 -396.793068 48.8422546 0 0 -1 -0.143427162 0.989660876 0 0.989660876 0.143427162 0 3020.dat
0 // stainless roof
1 71 0 -393.236182 -31.4780327 0 0 -1 -0.143427162 0.989660876 0 0.989660876 0.143427162 0 87079.dat
0 // stainless roof / backing
1 72 0 -385.318895 -30.3306154 0 0 -1 -0.143427162 0.989660876 0 0.989660876 0.143427162 0 3020.dat
0 // stainless roof
1 71 0 -381.762009 -110.650903 0 0 -1 -0.143427162 0.989660876 0 0.989660876 0.143427162 0 87079.dat
0 // stainless roof / backing
1 72 0 -373.844722 -109.503485 0 0 -1 -0.143427162 0.989660876 0 0.989660876 0.143427162 0 3020.dat
0 // stainless roof
1 71 10 -374.590651 -160.133947 -1 0 0 0 0.989660876 0.143427162 0 0.143427162 -0.989660876 3070b.dat
0 // stainless roof / backing
1 72 10 -366.673364 -158.986529 -1 0 0 0 0.989660876 0.143427162 0 0.143427162 -0.989660876 3024.dat
0 // stainless roof
1 71 -10 -374.590651 -160.133947 -1 0 0 0 0.989660876 0.143427162 0 0.143427162 -0.989660876 3070b.dat
0 // stainless roof / backing
1 72 -10 -366.673364 -158.986529 -1 0 0 0 0.989660876 0.143427162 0 0.143427162 -0.989660876 3024.dat
0 // stainless roof
1 71 -40 -404.710355 47.6948373 0 0 -1 -0.143427162 0.989660876 0 0.989660876 0.143427162 0 87079.dat
0 // stainless roof / backing
1 72 -40 -396.793068 48.8422546 0 0 -1 -0.143427162 0.989660876 0 0.989660876 0.143427162 0 3020.dat
0 // stainless roof
1 71 -40 -393.236182 -31.4780327 0 0 -1 -0.143427162 0.989660876 0 0.989660876 0.143427162 0 87079.dat
0 // stainless roof / backing
1 72 -40 -385.318895 -30.3306154 0 0 -1 -0.143427162 0.989660876 0 0.989660876 0.143427162 0 3020.dat
0 // stainless roof
1 71 -40 -381.762009 -110.650903 0 0 -1 -0.143427162 0.989660876 0 0.989660876 0.143427162 0 87079.dat
0 // stainless roof / backing
1 72 -40 -373.844722 -109.503485 0 0 -1 -0.143427162 0.989660876 0 0.989660876 0.143427162 0 3020.dat
0 // stainless roof
1 71 -30 -374.590651 -160.133947 -1 0 0 0 0.989660876 0.143427162 0 0.143427162 -0.989660876 3070b.dat
0 // stainless roof / backing
1 72 -30 -366.673364 -158.986529 -1 0 0 0 0.989660876 0.143427162 0 0.143427162 -0.989660876 3024.dat
0 // stainless roof
1 71 -50 -374.590651 -160.133947 -1 0 0 0 0.989660876 0.143427162 0 0.143427162 -0.989660876 3070b.dat
0 // stainless roof / backing
1 72 -50 -366.673364 -158.986529 -1 0 0 0 0.989660876 0.143427162 0 0.143427162 -0.989660876 3024.dat
0 // stainless roof
1 71 -80 -404.710355 47.6948373 0 0 -1 -0.143427162 0.989660876 0 0.989660876 0.143427162 0 87079.dat
0 // stainless roof / backing
1 72 -80 -396.793068 48.8422546 0 0 -1 -0.143427162 0.989660876 0 0.989660876 0.143427162 0 3020.dat
0 // stainless roof
1 71 -80 -393.236182 -31.4780327 0 0 -1 -0.143427162 0.989660876 0 0.989660876 0.143427162 0 87079.dat
0 // stainless roof / backing
1 72 -80 -385.318895 -30.3306154 0 0 -1 -0.143427162 0.989660876 0 0.989660876 0.143427162 0 3020.dat
0 // stainless roof
1 71 -80 -381.762009 -110.650903 0 0 -1 -0.143427162 0.989660876 0 0.989660876 0.143427162 0 87079.dat
0 // stainless roof / backing
1 72 -80 -373.844722 -109.503485 0 0 -1 -0.143427162 0.989660876 0 0.989660876 0.143427162 0 3020.dat
0 // stainless roof
1 71 -70 -374.590651 -160.133947 -1 0 0 0 0.989660876 0.143427162 0 0.143427162 -0.989660876 3070b.dat
0 // stainless roof / backing
1 72 -70 -366.673364 -158.986529 -1 0 0 0 0.989660876 0.143427162 0 0.143427162 -0.989660876 3024.dat
0 // stainless roof
1 71 -90 -374.590651 -160.133947 -1 0 0 0 0.989660876 0.143427162 0 0.143427162 -0.989660876 3070b.dat
0 // stainless roof / backing
1 72 -90 -366.673364 -158.986529 -1 0 0 0 0.989660876 0.143427162 0 0.143427162 -0.989660876 3024.dat
0 // stainless roof
1 71 -120 -404.710355 47.6948373 0 0 -1 -0.143427162 0.989660876 0 0.989660876 0.143427162 0 87079.dat
0 // stainless roof / backing
1 72 -120 -396.793068 48.8422546 0 0 -1 -0.143427162 0.989660876 0 0.989660876 0.143427162 0 3020.dat
0 // stainless roof
1 71 -120 -393.236182 -31.4780327 0 0 -1 -0.143427162 0.989660876 0 0.989660876 0.143427162 0 87079.dat
0 // stainless roof / backing
1 72 -120 -385.318895 -30.3306154 0 0 -1 -0.143427162 0.989660876 0 0.989660876 0.143427162 0 3020.dat
0 // stainless roof
1 71 -120 -381.762009 -110.650903 0 0 -1 -0.143427162 0.989660876 0 0.989660876 0.143427162 0 87079.dat
0 // stainless roof / backing
1 72 -120 -373.844722 -109.503485 0 0 -1 -0.143427162 0.989660876 0 0.989660876 0.143427162 0 3020.dat
0 // stainless roof
1 71 -110 -374.590651 -160.133947 -1 0 0 0 0.989660876 0.143427162 0 0.143427162 -0.989660876 3070b.dat
0 // stainless roof / backing
1 72 -110 -366.673364 -158.986529 -1 0 0 0 0.989660876 0.143427162 0 0.143427162 -0.989660876 3024.dat
0 // stainless roof
1 71 -130 -374.590651 -160.133947 -1 0 0 0 0.989660876 0.143427162 0 0.143427162 -0.989660876 3070b.dat
0 // stainless roof / backing
1 72 -130 -366.673364 -158.986529 -1 0 0 0 0.989660876 0.143427162 0 0.143427162 -0.989660876 3024.dat
0 // stainless roof
1 71 -160 -404.710355 47.6948373 0 0 -1 -0.143427162 0.989660876 0 0.989660876 0.143427162 0 87079.dat
0 // stainless roof / backing
1 72 -160 -396.793068 48.8422546 0 0 -1 -0.143427162 0.989660876 0 0.989660876 0.143427162 0 3020.dat
0 // stainless roof
1 71 -160 -393.236182 -31.4780327 0 0 -1 -0.143427162 0.989660876 0 0.989660876 0.143427162 0 87079.dat
0 // stainless roof / backing
1 72 -160 -385.318895 -30.3306154 0 0 -1 -0.143427162 0.989660876 0 0.989660876 0.143427162 0 3020.dat
0 // stainless roof
1 71 -160 -381.762009 -110.650903 0 0 -1 -0.143427162 0.989660876 0 0.989660876 0.143427162 0 87079.dat
0 // stainless roof / backing
1 72 -160 -373.844722 -109.503485 0 0 -1 -0.143427162 0.989660876 0 0.989660876 0.143427162 0 3020.dat
0 // stainless roof
1 71 -150 -374.590651 -160.133947 -1 0 0 0 0.989660876 0.143427162 0 0.143427162 -0.989660876 3070b.dat
0 // stainless roof / backing
1 72 -150 -366.673364 -158.986529 -1 0 0 0 0.989660876 0.143427162 0 0.143427162 -0.989660876 3024.dat
0 // stainless roof
1 71 -170 -374.590651 -160.133947 -1 0 0 0 0.989660876 0.143427162 0 0.143427162 -0.989660876 3070b.dat
0 // stainless roof / backing
1 72 -170 -366.673364 -158.986529 -1 0 0 0 0.989660876 0.143427162 0 0.143427162 -0.989660876 3024.dat
0 // rear cabin glass
1 0 -160 -342.04144 -196.324955 1 0 0 0 0.022306986 0.999751168 0 -0.999751168 0.022306986 3068b.dat
0 // rear cabin glass / backing
1 0 -160 -341.862984 -204.322964 1 0 0 0 0.022306986 0.999751168 0 -0.999751168 0.022306986 3022.dat
0 // rear cabin glass
1 0 -120 -342.04144 -196.324955 1 0 0 0 0.022306986 0.999751168 0 -0.999751168 0.022306986 3068b.dat
0 // rear cabin glass / backing
1 0 -120 -341.862984 -204.322964 1 0 0 0 0.022306986 0.999751168 0 -0.999751168 0.022306986 3022.dat
0 // rear cabin glass
1 0 -80 -342.04144 -196.324955 1 0 0 0 0.022306986 0.999751168 0 -0.999751168 0.022306986 3068b.dat
0 // rear cabin glass / backing
1 0 -80 -341.862984 -204.322964 1 0 0 0 0.022306986 0.999751168 0 -0.999751168 0.022306986 3022.dat
0 // rear cabin glass
1 0 -40 -342.04144 -196.324955 1 0 0 0 0.022306986 0.999751168 0 -0.999751168 0.022306986 3068b.dat
0 // rear cabin glass / backing
1 0 -40 -341.862984 -204.322964 1 0 0 0 0.022306986 0.999751168 0 -0.999751168 0.022306986 3022.dat
0 // rear cabin glass
1 0 0 -342.04144 -196.324955 1 0 0 0 0.022306986 0.999751168 0 -0.999751168 0.022306986 3068b.dat
0 // rear cabin glass / backing
1 0 0 -341.862984 -204.322964 1 0 0 0 0.022306986 0.999751168 0 -0.999751168 0.022306986 3022.dat
0 // rear cabin glass
1 0 40 -342.04144 -196.324955 1 0 0 0 0.022306986 0.999751168 0 -0.999751168 0.022306986 3068b.dat
0 // rear cabin glass / backing
1 0 40 -341.862984 -204.322964 1 0 0 0 0.022306986 0.999751168 0 -0.999751168 0.022306986 3022.dat
0 // rear cabin glass
1 0 80 -342.04144 -196.324955 1 0 0 0 0.022306986 0.999751168 0 -0.999751168 0.022306986 3068b.dat
0 // rear cabin glass / backing
1 0 80 -341.862984 -204.322964 1 0 0 0 0.022306986 0.999751168 0 -0.999751168 0.022306986 3022.dat
0 // rear cabin glass
1 0 120 -342.04144 -196.324955 1 0 0 0 0.022306986 0.999751168 0 -0.999751168 0.022306986 3068b.dat
0 // rear cabin glass / backing
1 0 120 -341.862984 -204.322964 1 0 0 0 0.022306986 0.999751168 0 -0.999751168 0.022306986 3022.dat
0 // rear cabin glass
1 0 160 -342.04144 -196.324955 1 0 0 0 0.022306986 0.999751168 0 -0.999751168 0.022306986 3068b.dat
0 // rear cabin glass / backing
1 0 160 -341.862984 -204.322964 1 0 0 0 0.022306986 0.999751168 0 -0.999751168 0.022306986 3022.dat
0 // open cargo bed floor
1 72 180 -139.661462 -253.785085 0 0 -1 0 1 0 1 0 0 87079.dat
0 // open cargo bed floor / backing
1 0 180 -131.661462 -253.785085 0 0 -1 0 1 0 1 0 0 3020.dat
0 // open cargo bed floor
1 72 180 -139.661462 -333.785085 0 0 -1 0 1 0 1 0 0 87079.dat
0 // open cargo bed floor / backing
1 0 180 -131.661462 -333.785085 0 0 -1 0 1 0 1 0 0 3020.dat
0 // open cargo bed floor
1 72 180 -139.661462 -413.785085 0 0 -1 0 1 0 1 0 0 87079.dat
0 // open cargo bed floor / backing
1 0 180 -131.661462 -413.785085 0 0 -1 0 1 0 1 0 0 3020.dat
0 // open cargo bed floor
1 72 180 -139.661462 -493.785085 0 0 -1 0 1 0 1 0 0 87079.dat
0 // open cargo bed floor / backing
1 0 180 -131.661462 -493.785085 0 0 -1 0 1 0 1 0 0 3020.dat
0 // open cargo bed floor
1 72 180 -139.661462 -573.785085 0 0 -1 0 1 0 1 0 0 87079.dat
0 // open cargo bed floor / backing
1 0 180 -131.661462 -573.785085 0 0 -1 0 1 0 1 0 0 3020.dat
0 // open cargo bed floor
1 72 140 -139.661462 -253.785085 0 0 -1 0 1 0 1 0 0 87079.dat
0 // open cargo bed floor / backing
1 0 140 -131.661462 -253.785085 0 0 -1 0 1 0 1 0 0 3020.dat
0 // open cargo bed floor
1 72 140 -139.661462 -333.785085 0 0 -1 0 1 0 1 0 0 87079.dat
0 // open cargo bed floor / backing
1 0 140 -131.661462 -333.785085 0 0 -1 0 1 0 1 0 0 3020.dat
0 // open cargo bed floor
1 72 140 -139.661462 -413.785085 0 0 -1 0 1 0 1 0 0 87079.dat
0 // open cargo bed floor / backing
1 0 140 -131.661462 -413.785085 0 0 -1 0 1 0 1 0 0 3020.dat
0 // open cargo bed floor
1 72 140 -139.661462 -493.785085 0 0 -1 0 1 0 1 0 0 87079.dat
0 // open cargo bed floor / backing
1 0 140 -131.661462 -493.785085 0 0 -1 0 1 0 1 0 0 3020.dat
0 // open cargo bed floor
1 72 140 -139.661462 -573.785085 0 0 -1 0 1 0 1 0 0 87079.dat
0 // open cargo bed floor / backing
1 0 140 -131.661462 -573.785085 0 0 -1 0 1 0 1 0 0 3020.dat
0 // open cargo bed floor
1 72 100 -139.661462 -253.785085 0 0 -1 0 1 0 1 0 0 87079.dat
0 // open cargo bed floor / backing
1 0 100 -131.661462 -253.785085 0 0 -1 0 1 0 1 0 0 3020.dat
0 // open cargo bed floor
1 72 100 -139.661462 -333.785085 0 0 -1 0 1 0 1 0 0 87079.dat
0 // open cargo bed floor / backing
1 0 100 -131.661462 -333.785085 0 0 -1 0 1 0 1 0 0 3020.dat
0 // open cargo bed floor
1 72 100 -139.661462 -413.785085 0 0 -1 0 1 0 1 0 0 87079.dat
0 // open cargo bed floor / backing
1 0 100 -131.661462 -413.785085 0 0 -1 0 1 0 1 0 0 3020.dat
0 // open cargo bed floor
1 72 100 -139.661462 -493.785085 0 0 -1 0 1 0 1 0 0 87079.dat
0 // open cargo bed floor / backing
1 0 100 -131.661462 -493.785085 0 0 -1 0 1 0 1 0 0 3020.dat
0 // open cargo bed floor
1 72 100 -139.661462 -573.785085 0 0 -1 0 1 0 1 0 0 87079.dat
0 // open cargo bed floor / backing
1 0 100 -131.661462 -573.785085 0 0 -1 0 1 0 1 0 0 3020.dat
0 // open cargo bed floor
1 72 60 -139.661462 -253.785085 0 0 -1 0 1 0 1 0 0 87079.dat
0 // open cargo bed floor / backing
1 0 60 -131.661462 -253.785085 0 0 -1 0 1 0 1 0 0 3020.dat
0 // open cargo bed floor
1 72 60 -139.661462 -333.785085 0 0 -1 0 1 0 1 0 0 87079.dat
0 // open cargo bed floor / backing
1 0 60 -131.661462 -333.785085 0 0 -1 0 1 0 1 0 0 3020.dat
0 // open cargo bed floor
1 72 60 -139.661462 -413.785085 0 0 -1 0 1 0 1 0 0 87079.dat
0 // open cargo bed floor / backing
1 0 60 -131.661462 -413.785085 0 0 -1 0 1 0 1 0 0 3020.dat
0 // open cargo bed floor
1 72 60 -139.661462 -493.785085 0 0 -1 0 1 0 1 0 0 87079.dat
0 // open cargo bed floor / backing
1 0 60 -131.661462 -493.785085 0 0 -1 0 1 0 1 0 0 3020.dat
0 // open cargo bed floor
1 72 60 -139.661462 -573.785085 0 0 -1 0 1 0 1 0 0 87079.dat
0 // open cargo bed floor / backing
1 0 60 -131.661462 -573.785085 0 0 -1 0 1 0 1 0 0 3020.dat
0 // open cargo bed floor
1 72 20 -139.661462 -253.785085 0 0 -1 0 1 0 1 0 0 87079.dat
0 // open cargo bed floor / backing
1 0 20 -131.661462 -253.785085 0 0 -1 0 1 0 1 0 0 3020.dat
0 // open cargo bed floor
1 72 20 -139.661462 -333.785085 0 0 -1 0 1 0 1 0 0 87079.dat
0 // open cargo bed floor / backing
1 0 20 -131.661462 -333.785085 0 0 -1 0 1 0 1 0 0 3020.dat
0 // open cargo bed floor
1 72 20 -139.661462 -413.785085 0 0 -1 0 1 0 1 0 0 87079.dat
0 // open cargo bed floor / backing
1 0 20 -131.661462 -413.785085 0 0 -1 0 1 0 1 0 0 3020.dat
0 // open cargo bed floor
1 72 20 -139.661462 -493.785085 0 0 -1 0 1 0 1 0 0 87079.dat
0 // open cargo bed floor / backing
1 0 20 -131.661462 -493.785085 0 0 -1 0 1 0 1 0 0 3020.dat
0 // open cargo bed floor
1 72 20 -139.661462 -573.785085 0 0 -1 0 1 0 1 0 0 87079.dat
0 // open cargo bed floor / backing
1 0 20 -131.661462 -573.785085 0 0 -1 0 1 0 1 0 0 3020.dat
0 // open cargo bed floor
1 72 -20 -139.661462 -253.785085 0 0 -1 0 1 0 1 0 0 87079.dat
0 // open cargo bed floor / backing
1 0 -20 -131.661462 -253.785085 0 0 -1 0 1 0 1 0 0 3020.dat
0 // open cargo bed floor
1 72 -20 -139.661462 -333.785085 0 0 -1 0 1 0 1 0 0 87079.dat
0 // open cargo bed floor / backing
1 0 -20 -131.661462 -333.785085 0 0 -1 0 1 0 1 0 0 3020.dat
0 // open cargo bed floor
1 72 -20 -139.661462 -413.785085 0 0 -1 0 1 0 1 0 0 87079.dat
0 // open cargo bed floor / backing
1 0 -20 -131.661462 -413.785085 0 0 -1 0 1 0 1 0 0 3020.dat
0 // open cargo bed floor
1 72 -20 -139.661462 -493.785085 0 0 -1 0 1 0 1 0 0 87079.dat
0 // open cargo bed floor / backing
1 0 -20 -131.661462 -493.785085 0 0 -1 0 1 0 1 0 0 3020.dat
0 // open cargo bed floor
1 72 -20 -139.661462 -573.785085 0 0 -1 0 1 0 1 0 0 87079.dat
0 // open cargo bed floor / backing
1 0 -20 -131.661462 -573.785085 0 0 -1 0 1 0 1 0 0 3020.dat
0 // open cargo bed floor
1 72 -60 -139.661462 -253.785085 0 0 -1 0 1 0 1 0 0 87079.dat
0 // open cargo bed floor / backing
1 0 -60 -131.661462 -253.785085 0 0 -1 0 1 0 1 0 0 3020.dat
0 // open cargo bed floor
1 72 -60 -139.661462 -333.785085 0 0 -1 0 1 0 1 0 0 87079.dat
0 // open cargo bed floor / backing
1 0 -60 -131.661462 -333.785085 0 0 -1 0 1 0 1 0 0 3020.dat
0 // open cargo bed floor
1 72 -60 -139.661462 -413.785085 0 0 -1 0 1 0 1 0 0 87079.dat
0 // open cargo bed floor / backing
1 0 -60 -131.661462 -413.785085 0 0 -1 0 1 0 1 0 0 3020.dat
0 // open cargo bed floor
1 72 -60 -139.661462 -493.785085 0 0 -1 0 1 0 1 0 0 87079.dat
0 // open cargo bed floor / backing
1 0 -60 -131.661462 -493.785085 0 0 -1 0 1 0 1 0 0 3020.dat
0 // open cargo bed floor
1 72 -60 -139.661462 -573.785085 0 0 -1 0 1 0 1 0 0 87079.dat
0 // open cargo bed floor / backing
1 0 -60 -131.661462 -573.785085 0 0 -1 0 1 0 1 0 0 3020.dat
0 // open cargo bed floor
1 72 -100 -139.661462 -253.785085 0 0 -1 0 1 0 1 0 0 87079.dat
0 // open cargo bed floor / backing
1 0 -100 -131.661462 -253.785085 0 0 -1 0 1 0 1 0 0 3020.dat
0 // open cargo bed floor
1 72 -100 -139.661462 -333.785085 0 0 -1 0 1 0 1 0 0 87079.dat
0 // open cargo bed floor / backing
1 0 -100 -131.661462 -333.785085 0 0 -1 0 1 0 1 0 0 3020.dat
0 // open cargo bed floor
1 72 -100 -139.661462 -413.785085 0 0 -1 0 1 0 1 0 0 87079.dat
0 // open cargo bed floor / backing
1 0 -100 -131.661462 -413.785085 0 0 -1 0 1 0 1 0 0 3020.dat
0 // open cargo bed floor
1 72 -100 -139.661462 -493.785085 0 0 -1 0 1 0 1 0 0 87079.dat
0 // open cargo bed floor / backing
1 0 -100 -131.661462 -493.785085 0 0 -1 0 1 0 1 0 0 3020.dat
0 // open cargo bed floor
1 72 -100 -139.661462 -573.785085 0 0 -1 0 1 0 1 0 0 87079.dat
0 // open cargo bed floor / backing
1 0 -100 -131.661462 -573.785085 0 0 -1 0 1 0 1 0 0 3020.dat
0 // open cargo bed floor
1 72 -140 -139.661462 -253.785085 0 0 -1 0 1 0 1 0 0 87079.dat
0 // open cargo bed floor / backing
1 0 -140 -131.661462 -253.785085 0 0 -1 0 1 0 1 0 0 3020.dat
0 // open cargo bed floor
1 72 -140 -139.661462 -333.785085 0 0 -1 0 1 0 1 0 0 87079.dat
0 // open cargo bed floor / backing
1 0 -140 -131.661462 -333.785085 0 0 -1 0 1 0 1 0 0 3020.dat
0 // open cargo bed floor
1 72 -140 -139.661462 -413.785085 0 0 -1 0 1 0 1 0 0 87079.dat
0 // open cargo bed floor / backing
1 0 -140 -131.661462 -413.785085 0 0 -1 0 1 0 1 0 0 3020.dat
0 // open cargo bed floor
1 72 -140 -139.661462 -493.785085 0 0 -1 0 1 0 1 0 0 87079.dat
0 // open cargo bed floor / backing
1 0 -140 -131.661462 -493.785085 0 0 -1 0 1 0 1 0 0 3020.dat
0 // open cargo bed floor
1 72 -140 -139.661462 -573.785085 0 0 -1 0 1 0 1 0 0 87079.dat
0 // open cargo bed floor / backing
1 0 -140 -131.661462 -573.785085 0 0 -1 0 1 0 1 0 0 3020.dat
0 // open cargo bed floor
1 72 -180 -139.661462 -253.785085 0 0 -1 0 1 0 1 0 0 87079.dat
0 // open cargo bed floor / backing
1 0 -180 -131.661462 -253.785085 0 0 -1 0 1 0 1 0 0 3020.dat
0 // open cargo bed floor
1 72 -180 -139.661462 -333.785085 0 0 -1 0 1 0 1 0 0 87079.dat
0 // open cargo bed floor / backing
1 0 -180 -131.661462 -333.785085 0 0 -1 0 1 0 1 0 0 3020.dat
0 // open cargo bed floor
1 72 -180 -139.661462 -413.785085 0 0 -1 0 1 0 1 0 0 87079.dat
0 // open cargo bed floor / backing
1 0 -180 -131.661462 -413.785085 0 0 -1 0 1 0 1 0 0 3020.dat
0 // open cargo bed floor
1 72 -180 -139.661462 -493.785085 0 0 -1 0 1 0 1 0 0 87079.dat
0 // open cargo bed floor / backing
1 0 -180 -131.661462 -493.785085 0 0 -1 0 1 0 1 0 0 3020.dat
0 // open cargo bed floor
1 72 -180 -139.661462 -573.785085 0 0 -1 0 1 0 1 0 0 87079.dat
0 // open cargo bed floor / backing
1 0 -180 -131.661462 -573.785085 0 0 -1 0 1 0 1 0 0 3020.dat
0 // cargo bed inner side
1 72 -196 -303.922987 -233.785085 0 -1 0 -1 0 0 0 0 -1 26603.dat
0 // cargo bed inner side / backing
1 0 -204 -303.922987 -233.785085 0 -1 0 -1 0 0 0 0 -1 3021.dat
0 // cargo bed inner side
1 72 -196 -243.922987 -233.785085 0 -1 0 -1 0 0 0 0 -1 26603.dat
0 // cargo bed inner side / backing
1 0 -204 -243.922987 -233.785085 0 -1 0 -1 0 0 0 0 -1 3021.dat
0 // cargo bed inner side
1 72 -196 -183.922987 -233.785085 0 -1 0 -1 0 0 0 0 -1 26603.dat
0 // cargo bed inner side / backing
1 0 -204 -183.922987 -233.785085 0 -1 0 -1 0 0 0 0 -1 3021.dat
0 // cargo bed inner side
1 72 -196 -143.922987 -223.785085 0 -1 0 0 0 1 -1 0 0 3070b.dat
0 // cargo bed inner side / backing
1 0 -204 -143.922987 -223.785085 0 -1 0 0 0 1 -1 0 0 3024.dat
0 // cargo bed inner side
1 72 -196 -143.922987 -243.785085 0 -1 0 0 0 1 -1 0 0 3070b.dat
0 // cargo bed inner side / backing
1 0 -204 -143.922987 -243.785085 0 -1 0 0 0 1 -1 0 0 3024.dat
0 // cargo bed inner side
1 72 -196 -303.922987 -273.785085 0 -1 0 -1 0 0 0 0 -1 26603.dat
0 // cargo bed inner side / backing
1 0 -204 -303.922987 -273.785085 0 -1 0 -1 0 0 0 0 -1 3021.dat
0 // cargo bed inner side
1 72 -196 -243.922987 -273.785085 0 -1 0 -1 0 0 0 0 -1 26603.dat
0 // cargo bed inner side / backing
1 0 -204 -243.922987 -273.785085 0 -1 0 -1 0 0 0 0 -1 3021.dat
0 // cargo bed inner side
1 72 -196 -183.922987 -273.785085 0 -1 0 -1 0 0 0 0 -1 26603.dat
0 // cargo bed inner side / backing
1 0 -204 -183.922987 -273.785085 0 -1 0 -1 0 0 0 0 -1 3021.dat
0 // cargo bed inner side
1 72 -196 -143.922987 -263.785085 0 -1 0 0 0 1 -1 0 0 3070b.dat
0 // cargo bed inner side / backing
1 0 -204 -143.922987 -263.785085 0 -1 0 0 0 1 -1 0 0 3024.dat
0 // cargo bed inner side
1 72 -196 -143.922987 -283.785085 0 -1 0 0 0 1 -1 0 0 3070b.dat
0 // cargo bed inner side / backing
1 0 -204 -143.922987 -283.785085 0 -1 0 0 0 1 -1 0 0 3024.dat
0 // cargo bed inner side
1 72 -196 -303.922987 -303.785085 0 -1 0 -1 0 0 0 0 -1 63864.dat
0 // cargo bed inner side / backing
1 0 -204 -303.922987 -303.785085 0 -1 0 -1 0 0 0 0 -1 3623.dat
0 // cargo bed inner side
1 72 -196 -243.922987 -313.785085 0 -1 0 -1 0 0 0 0 -1 26603.dat
0 // cargo bed inner side / backing
1 0 -204 -243.922987 -313.785085 0 -1 0 -1 0 0 0 0 -1 3021.dat
0 // cargo bed inner side
1 72 -196 -183.922987 -313.785085 0 -1 0 -1 0 0 0 0 -1 26603.dat
0 // cargo bed inner side / backing
1 0 -204 -183.922987 -313.785085 0 -1 0 -1 0 0 0 0 -1 3021.dat
0 // cargo bed inner side
1 72 -196 -143.922987 -303.785085 0 -1 0 0 0 1 -1 0 0 3070b.dat
0 // cargo bed inner side / backing
1 0 -204 -143.922987 -303.785085 0 -1 0 0 0 1 -1 0 0 3024.dat
0 // cargo bed inner side
1 72 -196 -293.922987 -333.785085 0 -1 0 0 0 1 -1 0 0 3068b.dat
0 // cargo bed inner side / backing
1 0 -204 -293.922987 -333.785085 0 -1 0 0 0 1 -1 0 0 3022.dat
0 // cargo bed inner side
1 72 -196 -143.922987 -323.785085 0 -1 0 0 0 1 -1 0 0 3070b.dat
0 // cargo bed inner side / backing
1 0 -204 -143.922987 -323.785085 0 -1 0 0 0 1 -1 0 0 3024.dat
0 // cargo bed inner side
1 72 -196 -243.922987 -353.785085 0 -1 0 -1 0 0 0 0 -1 26603.dat
0 // cargo bed inner side / backing
1 0 -204 -243.922987 -353.785085 0 -1 0 -1 0 0 0 0 -1 3021.dat
0 // cargo bed inner side
1 72 -196 -183.922987 -353.785085 0 -1 0 -1 0 0 0 0 -1 26603.dat
0 // cargo bed inner side / backing
1 0 -204 -183.922987 -353.785085 0 -1 0 -1 0 0 0 0 -1 3021.dat
0 // cargo bed inner side
1 72 -196 -143.922987 -343.785085 0 -1 0 0 0 1 -1 0 0 3070b.dat
0 // cargo bed inner side / backing
1 0 -204 -143.922987 -343.785085 0 -1 0 0 0 1 -1 0 0 3024.dat
0 // cargo bed inner side
1 72 -196 -293.922987 -373.785085 0 -1 0 0 0 1 -1 0 0 3068b.dat
0 // cargo bed inner side / backing
1 0 -204 -293.922987 -373.785085 0 -1 0 0 0 1 -1 0 0 3022.dat
0 // cargo bed inner side
1 72 -196 -143.922987 -363.785085 0 -1 0 0 0 1 -1 0 0 3070b.dat
0 // cargo bed inner side / backing
1 0 -204 -143.922987 -363.785085 0 -1 0 0 0 1 -1 0 0 3024.dat
0 // cargo bed inner side
1 72 -196 -243.922987 -393.785085 0 -1 0 -1 0 0 0 0 -1 26603.dat
0 // cargo bed inner side / backing
1 0 -204 -243.922987 -393.785085 0 -1 0 -1 0 0 0 0 -1 3021.dat
0 // cargo bed inner side
1 72 -196 -183.922987 -393.785085 0 -1 0 -1 0 0 0 0 -1 26603.dat
0 // cargo bed inner side / backing
1 0 -204 -183.922987 -393.785085 0 -1 0 -1 0 0 0 0 -1 3021.dat
0 // cargo bed inner side
1 72 -196 -143.922987 -383.785085 0 -1 0 0 0 1 -1 0 0 3070b.dat
0 // cargo bed inner side / backing
1 0 -204 -143.922987 -383.785085 0 -1 0 0 0 1 -1 0 0 3024.dat
0 // cargo bed inner side
1 72 -196 -293.922987 -413.785085 0 -1 0 0 0 1 -1 0 0 3068b.dat
0 // cargo bed inner side / backing
1 0 -204 -293.922987 -413.785085 0 -1 0 0 0 1 -1 0 0 3022.dat
0 // cargo bed inner side
1 72 -196 -143.922987 -403.785085 0 -1 0 0 0 1 -1 0 0 3070b.dat
0 // cargo bed inner side / backing
1 0 -204 -143.922987 -403.785085 0 -1 0 0 0 1 -1 0 0 3024.dat
0 // cargo bed inner side
1 72 -196 -243.922987 -433.785085 0 -1 0 -1 0 0 0 0 -1 26603.dat
0 // cargo bed inner side / backing
1 0 -204 -243.922987 -433.785085 0 -1 0 -1 0 0 0 0 -1 3021.dat
0 // cargo bed inner side
1 72 -196 -183.922987 -433.785085 0 -1 0 -1 0 0 0 0 -1 26603.dat
0 // cargo bed inner side / backing
1 0 -204 -183.922987 -433.785085 0 -1 0 -1 0 0 0 0 -1 3021.dat
0 // cargo bed inner side
1 72 -196 -143.922987 -423.785085 0 -1 0 0 0 1 -1 0 0 3070b.dat
0 // cargo bed inner side / backing
1 0 -204 -143.922987 -423.785085 0 -1 0 0 0 1 -1 0 0 3024.dat
0 // cargo bed inner side
1 72 -196 -283.922987 -443.785085 0 -1 0 0 0 1 -1 0 0 3070b.dat
0 // cargo bed inner side / backing
1 0 -204 -283.922987 -443.785085 0 -1 0 0 0 1 -1 0 0 3024.dat
0 // cargo bed inner side
1 72 -196 -143.922987 -443.785085 0 -1 0 0 0 1 -1 0 0 3070b.dat
0 // cargo bed inner side / backing
1 0 -204 -143.922987 -443.785085 0 -1 0 0 0 1 -1 0 0 3024.dat
0 // cargo bed inner side
1 72 -196 -263.922987 -473.785085 0 -1 0 -1 0 0 0 0 -1 26603.dat
0 // cargo bed inner side / backing
1 0 -204 -263.922987 -473.785085 0 -1 0 -1 0 0 0 0 -1 3021.dat
0 // cargo bed inner side
1 72 -196 -203.922987 -473.785085 0 -1 0 -1 0 0 0 0 -1 26603.dat
0 // cargo bed inner side / backing
1 0 -204 -203.922987 -473.785085 0 -1 0 -1 0 0 0 0 -1 3021.dat
0 // cargo bed inner side
1 72 -196 -153.922987 -473.785085 0 -1 0 0 0 1 -1 0 0 3068b.dat
0 // cargo bed inner side / backing
1 0 -204 -153.922987 -473.785085 0 -1 0 0 0 1 -1 0 0 3022.dat
0 // cargo bed inner side
1 72 -196 -263.922987 -513.785085 0 -1 0 -1 0 0 0 0 -1 26603.dat
0 // cargo bed inner side / backing
1 0 -204 -263.922987 -513.785085 0 -1 0 -1 0 0 0 0 -1 3021.dat
0 // cargo bed inner side
1 72 -196 -203.922987 -513.785085 0 -1 0 -1 0 0 0 0 -1 26603.dat
0 // cargo bed inner side / backing
1 0 -204 -203.922987 -513.785085 0 -1 0 -1 0 0 0 0 -1 3021.dat
0 // cargo bed inner side
1 72 -196 -153.922987 -513.785085 0 -1 0 0 0 1 -1 0 0 3068b.dat
0 // cargo bed inner side / backing
1 0 -204 -153.922987 -513.785085 0 -1 0 0 0 1 -1 0 0 3022.dat
0 // cargo bed inner side
1 72 -196 -263.922987 -543.785085 0 -1 0 -1 0 0 0 0 -1 63864.dat
0 // cargo bed inner side / backing
1 0 -204 -263.922987 -543.785085 0 -1 0 -1 0 0 0 0 -1 3623.dat
0 // cargo bed inner side
1 72 -196 -203.922987 -553.785085 0 -1 0 -1 0 0 0 0 -1 26603.dat
0 // cargo bed inner side / backing
1 0 -204 -203.922987 -553.785085 0 -1 0 -1 0 0 0 0 -1 3021.dat
0 // cargo bed inner side
1 72 -196 -153.922987 -553.785085 0 -1 0 0 0 1 -1 0 0 3068b.dat
0 // cargo bed inner side / backing
1 0 -204 -153.922987 -553.785085 0 -1 0 0 0 1 -1 0 0 3022.dat
0 // cargo bed inner side
1 72 -196 -253.922987 -573.785085 0 -1 0 0 0 1 -1 0 0 3068b.dat
0 // cargo bed inner side / backing
1 0 -204 -253.922987 -573.785085 0 -1 0 0 0 1 -1 0 0 3022.dat
0 // cargo bed inner side
1 72 -196 -203.922987 -593.785085 0 -1 0 -1 0 0 0 0 -1 26603.dat
0 // cargo bed inner side / backing
1 0 -204 -203.922987 -593.785085 0 -1 0 -1 0 0 0 0 -1 3021.dat
0 // cargo bed inner side
1 72 -196 -153.922987 -593.785085 0 -1 0 0 0 1 -1 0 0 3068b.dat
0 // cargo bed inner side / backing
1 0 -204 -153.922987 -593.785085 0 -1 0 0 0 1 -1 0 0 3022.dat
0 // cargo bed inner side
1 72 -196 -253.922987 -613.785085 0 -1 0 0 0 1 -1 0 0 3068b.dat
0 // cargo bed inner side / backing
1 0 -204 -253.922987 -613.785085 0 -1 0 0 0 1 -1 0 0 3022.dat
0 // cargo bed inner side
1 72 -196 -203.922987 -623.785085 0 -1 0 -1 0 0 0 0 -1 63864.dat
0 // cargo bed inner side / backing
1 0 -204 -203.922987 -623.785085 0 -1 0 -1 0 0 0 0 -1 3623.dat
0 // cargo bed inner side
1 72 -196 -153.922987 -623.785085 0 -1 0 -1 0 0 0 0 -1 3069b.dat
0 // cargo bed inner side / backing
1 0 -204 -153.922987 -623.785085 0 -1 0 -1 0 0 0 0 -1 3023.dat
0 // cargo bed inner side
1 72 196 -243.922987 -619.139797 0 1 0 -1 0 0 0 0 1 26603.dat
0 // cargo bed inner side / backing
1 0 204 -243.922987 -619.139797 0 1 0 -1 0 0 0 0 1 3021.dat
0 // cargo bed inner side
1 72 196 -183.922987 -619.139797 0 1 0 -1 0 0 0 0 1 26603.dat
0 // cargo bed inner side / backing
1 0 204 -183.922987 -619.139797 0 1 0 -1 0 0 0 0 1 3021.dat
0 // cargo bed inner side
1 72 196 -143.922987 -629.139797 0 1 0 0 0 1 1 0 0 3070b.dat
0 // cargo bed inner side / backing
1 0 204 -143.922987 -629.139797 0 1 0 0 0 1 1 0 0 3024.dat
0 // cargo bed inner side
1 72 196 -143.922987 -609.139797 0 1 0 0 0 1 1 0 0 3070b.dat
0 // cargo bed inner side / backing
1 0 204 -143.922987 -609.139797 0 1 0 0 0 1 1 0 0 3024.dat
0 // cargo bed inner side
1 72 196 -243.922987 -579.139797 0 1 0 -1 0 0 0 0 1 26603.dat
0 // cargo bed inner side / backing
1 0 204 -243.922987 -579.139797 0 1 0 -1 0 0 0 0 1 3021.dat
0 // cargo bed inner side
1 72 196 -183.922987 -579.139797 0 1 0 -1 0 0 0 0 1 26603.dat
0 // cargo bed inner side / backing
1 0 204 -183.922987 -579.139797 0 1 0 -1 0 0 0 0 1 3021.dat
0 // cargo bed inner side
1 72 196 -143.922987 -589.139797 0 1 0 0 0 1 1 0 0 3070b.dat
0 // cargo bed inner side / backing
1 0 204 -143.922987 -589.139797 0 1 0 0 0 1 1 0 0 3024.dat
0 // cargo bed inner side
1 72 196 -143.922987 -569.139797 0 1 0 0 0 1 1 0 0 3070b.dat
0 // cargo bed inner side / backing
1 0 204 -143.922987 -569.139797 0 1 0 0 0 1 1 0 0 3024.dat
0 // cargo bed inner side
1 72 196 -263.922987 -539.139797 0 1 0 -1 0 0 0 0 1 26603.dat
0 // cargo bed inner side / backing
1 0 204 -263.922987 -539.139797 0 1 0 -1 0 0 0 0 1 3021.dat
0 // cargo bed inner side
1 72 196 -203.922987 -539.139797 0 1 0 -1 0 0 0 0 1 26603.dat
0 // cargo bed inner side / backing
1 0 204 -203.922987 -539.139797 0 1 0 -1 0 0 0 0 1 3021.dat
0 // cargo bed inner side
1 72 196 -153.922987 -539.139797 0 1 0 0 0 1 1 0 0 3068b.dat
0 // cargo bed inner side / backing
1 0 204 -153.922987 -539.139797 0 1 0 0 0 1 1 0 0 3022.dat
0 // cargo bed inner side
1 72 196 -263.922987 -499.139797 0 1 0 -1 0 0 0 0 1 26603.dat
0 // cargo bed inner side / backing
1 0 204 -263.922987 -499.139797 0 1 0 -1 0 0 0 0 1 3021.dat
0 // cargo bed inner side
1 72 196 -203.922987 -499.139797 0 1 0 -1 0 0 0 0 1 26603.dat
0 // cargo bed inner side / backing
1 0 204 -203.922987 -499.139797 0 1 0 -1 0 0 0 0 1 3021.dat
0 // cargo bed inner side
1 72 196 -153.922987 -499.139797 0 1 0 0 0 1 1 0 0 3068b.dat
0 // cargo bed inner side / backing
1 0 204 -153.922987 -499.139797 0 1 0 0 0 1 1 0 0 3022.dat
0 // cargo bed inner side
1 72 196 -263.922987 -459.139797 0 1 0 -1 0 0 0 0 1 26603.dat
0 // cargo bed inner side / backing
1 0 204 -263.922987 -459.139797 0 1 0 -1 0 0 0 0 1 3021.dat
0 // cargo bed inner side
1 72 196 -203.922987 -459.139797 0 1 0 -1 0 0 0 0 1 26603.dat
0 // cargo bed inner side / backing
1 0 204 -203.922987 -459.139797 0 1 0 -1 0 0 0 0 1 3021.dat
0 // cargo bed inner side
1 72 196 -153.922987 -459.139797 0 1 0 0 0 1 1 0 0 3068b.dat
0 // cargo bed inner side / backing
1 0 204 -153.922987 -459.139797 0 1 0 0 0 1 1 0 0 3022.dat
0 // cargo bed inner side
1 72 196 -283.922987 -419.139797 0 1 0 -1 0 0 0 0 1 26603.dat
0 // cargo bed inner side / backing
1 0 204 -283.922987 -419.139797 0 1 0 -1 0 0 0 0 1 3021.dat
0 // cargo bed inner side
1 72 196 -223.922987 -419.139797 0 1 0 -1 0 0 0 0 1 26603.dat
0 // cargo bed inner side / backing
1 0 204 -223.922987 -419.139797 0 1 0 -1 0 0 0 0 1 3021.dat
0 // cargo bed inner side
1 72 196 -163.922987 -419.139797 0 1 0 -1 0 0 0 0 1 26603.dat
0 // cargo bed inner side / backing
1 0 204 -163.922987 -419.139797 0 1 0 -1 0 0 0 0 1 3021.dat
0 // cargo bed inner side
1 72 196 -283.922987 -379.139797 0 1 0 -1 0 0 0 0 1 26603.dat
0 // cargo bed inner side / backing
1 0 204 -283.922987 -379.139797 0 1 0 -1 0 0 0 0 1 3021.dat
0 // cargo bed inner side
1 72 196 -223.922987 -379.139797 0 1 0 -1 0 0 0 0 1 26603.dat
0 // cargo bed inner side / backing
1 0 204 -223.922987 -379.139797 0 1 0 -1 0 0 0 0 1 3021.dat
0 // cargo bed inner side
1 72 196 -163.922987 -379.139797 0 1 0 -1 0 0 0 0 1 26603.dat
0 // cargo bed inner side / backing
1 0 204 -163.922987 -379.139797 0 1 0 -1 0 0 0 0 1 3021.dat
0 // cargo bed inner side
1 72 196 -283.922987 -339.139797 0 1 0 -1 0 0 0 0 1 26603.dat
0 // cargo bed inner side / backing
1 0 204 -283.922987 -339.139797 0 1 0 -1 0 0 0 0 1 3021.dat
0 // cargo bed inner side
1 72 196 -223.922987 -339.139797 0 1 0 -1 0 0 0 0 1 26603.dat
0 // cargo bed inner side / backing
1 0 204 -223.922987 -339.139797 0 1 0 -1 0 0 0 0 1 3021.dat
0 // cargo bed inner side
1 72 196 -163.922987 -339.139797 0 1 0 -1 0 0 0 0 1 26603.dat
0 // cargo bed inner side / backing
1 0 204 -163.922987 -339.139797 0 1 0 -1 0 0 0 0 1 3021.dat
0 // cargo bed inner side
1 72 196 -303.922987 -299.139797 0 1 0 -1 0 0 0 0 1 26603.dat
0 // cargo bed inner side / backing
1 0 204 -303.922987 -299.139797 0 1 0 -1 0 0 0 0 1 3021.dat
0 // cargo bed inner side
1 72 196 -243.922987 -299.139797 0 1 0 -1 0 0 0 0 1 26603.dat
0 // cargo bed inner side / backing
1 0 204 -243.922987 -299.139797 0 1 0 -1 0 0 0 0 1 3021.dat
0 // cargo bed inner side
1 72 196 -183.922987 -299.139797 0 1 0 -1 0 0 0 0 1 26603.dat
0 // cargo bed inner side / backing
1 0 204 -183.922987 -299.139797 0 1 0 -1 0 0 0 0 1 3021.dat
0 // cargo bed inner side
1 72 196 -143.922987 -309.139797 0 1 0 0 0 1 1 0 0 3070b.dat
0 // cargo bed inner side / backing
1 0 204 -143.922987 -309.139797 0 1 0 0 0 1 1 0 0 3024.dat
0 // cargo bed inner side
1 72 196 -143.922987 -289.139797 0 1 0 0 0 1 1 0 0 3070b.dat
0 // cargo bed inner side / backing
1 0 204 -143.922987 -289.139797 0 1 0 0 0 1 1 0 0 3024.dat
0 // cargo bed inner side
1 72 196 -303.922987 -259.139797 0 1 0 -1 0 0 0 0 1 26603.dat
0 // cargo bed inner side / backing
1 0 204 -303.922987 -259.139797 0 1 0 -1 0 0 0 0 1 3021.dat
0 // cargo bed inner side
1 72 196 -243.922987 -259.139797 0 1 0 -1 0 0 0 0 1 26603.dat
0 // cargo bed inner side / backing
1 0 204 -243.922987 -259.139797 0 1 0 -1 0 0 0 0 1 3021.dat
0 // cargo bed inner side
1 72 196 -183.922987 -259.139797 0 1 0 -1 0 0 0 0 1 26603.dat
0 // cargo bed inner side / backing
1 0 204 -183.922987 -259.139797 0 1 0 -1 0 0 0 0 1 3021.dat
0 // cargo bed inner side
1 72 196 -143.922987 -269.139797 0 1 0 0 0 1 1 0 0 3070b.dat
0 // cargo bed inner side / backing
1 0 204 -143.922987 -269.139797 0 1 0 0 0 1 1 0 0 3024.dat
0 // cargo bed inner side
1 72 196 -143.922987 -249.139797 0 1 0 0 0 1 1 0 0 3070b.dat
0 // cargo bed inner side / backing
1 0 204 -143.922987 -249.139797 0 1 0 0 0 1 1 0 0 3024.dat
0 // cargo bed inner side
1 72 196 -303.922987 -229.139797 0 1 0 -1 0 0 0 0 1 63864.dat
0 // cargo bed inner side / backing
1 0 204 -303.922987 -229.139797 0 1 0 -1 0 0 0 0 1 3623.dat
0 // cargo bed inner side
1 72 196 -243.922987 -229.139797 0 1 0 -1 0 0 0 0 1 63864.dat
0 // cargo bed inner side / backing
1 0 204 -243.922987 -229.139797 0 1 0 -1 0 0 0 0 1 3623.dat
0 // cargo bed inner side
1 72 196 -183.922987 -229.139797 0 1 0 -1 0 0 0 0 1 63864.dat
0 // cargo bed inner side / backing
1 0 204 -183.922987 -229.139797 0 1 0 -1 0 0 0 0 1 3623.dat
0 // cargo bed inner side
1 72 196 -143.922987 -229.139797 0 1 0 0 0 1 1 0 0 3070b.dat
0 // cargo bed inner side / backing
1 0 204 -143.922987 -229.139797 0 1 0 0 0 1 1 0 0 3024.dat
0 // front stainless fascia
1 71 -180 -180.840678 640.860203 0 0 1 -1 0 0 0 -1 0 87079.dat
0 // front stainless fascia / backing
1 72 -180 -180.840678 632.860203 0 0 1 -1 0 0 0 -1 0 3020.dat
0 // front stainless fascia
1 71 -180 -110.840678 640.860203 0 0 1 -1 0 0 0 -1 0 26603.dat
0 // front stainless fascia / backing
1 72 -180 -110.840678 632.860203 0 0 1 -1 0 0 0 -1 0 3021.dat
0 // front stainless fascia
1 71 -140 -180.840678 640.860203 0 0 1 -1 0 0 0 -1 0 87079.dat
0 // front stainless fascia / backing
1 72 -140 -180.840678 632.860203 0 0 1 -1 0 0 0 -1 0 3020.dat
0 // front stainless fascia
1 71 -140 -110.840678 640.860203 0 0 1 -1 0 0 0 -1 0 26603.dat
0 // front stainless fascia / backing
1 72 -140 -110.840678 632.860203 0 0 1 -1 0 0 0 -1 0 3021.dat
0 // front stainless fascia
1 71 -100 -180.840678 640.860203 0 0 1 -1 0 0 0 -1 0 87079.dat
0 // front stainless fascia / backing
1 72 -100 -180.840678 632.860203 0 0 1 -1 0 0 0 -1 0 3020.dat
0 // front stainless fascia
1 71 -100 -110.840678 640.860203 0 0 1 -1 0 0 0 -1 0 26603.dat
0 // front stainless fascia / backing
1 72 -100 -110.840678 632.860203 0 0 1 -1 0 0 0 -1 0 3021.dat
0 // front stainless fascia
1 71 -60 -180.840678 640.860203 0 0 1 -1 0 0 0 -1 0 87079.dat
0 // front stainless fascia / backing
1 72 -60 -180.840678 632.860203 0 0 1 -1 0 0 0 -1 0 3020.dat
0 // front stainless fascia
1 71 -60 -110.840678 640.860203 0 0 1 -1 0 0 0 -1 0 26603.dat
0 // front stainless fascia / backing
1 72 -60 -110.840678 632.860203 0 0 1 -1 0 0 0 -1 0 3021.dat
0 // front stainless fascia
1 71 -20 -180.840678 640.860203 0 0 1 -1 0 0 0 -1 0 87079.dat
0 // front stainless fascia / backing
1 72 -20 -180.840678 632.860203 0 0 1 -1 0 0 0 -1 0 3020.dat
0 // front stainless fascia
1 71 -20 -110.840678 640.860203 0 0 1 -1 0 0 0 -1 0 26603.dat
0 // front stainless fascia / backing
1 72 -20 -110.840678 632.860203 0 0 1 -1 0 0 0 -1 0 3021.dat
0 // front stainless fascia
1 71 20 -180.840678 640.860203 0 0 1 -1 0 0 0 -1 0 87079.dat
0 // front stainless fascia / backing
1 72 20 -180.840678 632.860203 0 0 1 -1 0 0 0 -1 0 3020.dat
0 // front stainless fascia
1 71 20 -110.840678 640.860203 0 0 1 -1 0 0 0 -1 0 26603.dat
0 // front stainless fascia / backing
1 72 20 -110.840678 632.860203 0 0 1 -1 0 0 0 -1 0 3021.dat
0 // front stainless fascia
1 71 60 -180.840678 640.860203 0 0 1 -1 0 0 0 -1 0 87079.dat
0 // front stainless fascia / backing
1 72 60 -180.840678 632.860203 0 0 1 -1 0 0 0 -1 0 3020.dat
0 // front stainless fascia
1 71 60 -110.840678 640.860203 0 0 1 -1 0 0 0 -1 0 26603.dat
0 // front stainless fascia / backing
1 72 60 -110.840678 632.860203 0 0 1 -1 0 0 0 -1 0 3021.dat
0 // front stainless fascia
1 71 100 -180.840678 640.860203 0 0 1 -1 0 0 0 -1 0 87079.dat
0 // front stainless fascia / backing
1 72 100 -180.840678 632.860203 0 0 1 -1 0 0 0 -1 0 3020.dat
0 // front stainless fascia
1 71 100 -110.840678 640.860203 0 0 1 -1 0 0 0 -1 0 26603.dat
0 // front stainless fascia / backing
1 72 100 -110.840678 632.860203 0 0 1 -1 0 0 0 -1 0 3021.dat
0 // front stainless fascia
1 71 140 -180.840678 640.860203 0 0 1 -1 0 0 0 -1 0 87079.dat
0 // front stainless fascia / backing
1 72 140 -180.840678 632.860203 0 0 1 -1 0 0 0 -1 0 3020.dat
0 // front stainless fascia
1 71 140 -110.840678 640.860203 0 0 1 -1 0 0 0 -1 0 26603.dat
0 // front stainless fascia / backing
1 72 140 -110.840678 632.860203 0 0 1 -1 0 0 0 -1 0 3021.dat
0 // front stainless fascia
1 71 180 -180.840678 640.860203 0 0 1 -1 0 0 0 -1 0 87079.dat
0 // front stainless fascia / backing
1 72 180 -180.840678 632.860203 0 0 1 -1 0 0 0 -1 0 3020.dat
0 // front stainless fascia
1 71 180 -110.840678 640.860203 0 0 1 -1 0 0 0 -1 0 26603.dat
0 // front stainless fascia / backing
1 72 180 -110.840678 632.860203 0 0 1 -1 0 0 0 -1 0 3021.dat
0 // front black bumper
1 0 -210 -74.9380291 650.860203 1 0 0 0 0 1 0 -1 0 3070b.dat
0 // front black bumper / backing
1 0 -210 -74.9380291 642.860203 1 0 0 0 0 1 0 -1 0 3024.dat
0 // front black bumper
1 0 -190 -74.9380291 650.860203 1 0 0 0 0 1 0 -1 0 3070b.dat
0 // front black bumper / backing
1 0 -190 -74.9380291 642.860203 1 0 0 0 0 1 0 -1 0 3024.dat
0 // front black bumper
1 0 -170 -74.9380291 650.860203 1 0 0 0 0 1 0 -1 0 3070b.dat
0 // front black bumper / backing
1 0 -170 -74.9380291 642.860203 1 0 0 0 0 1 0 -1 0 3024.dat
0 // front black bumper
1 0 -150 -74.9380291 650.860203 1 0 0 0 0 1 0 -1 0 3070b.dat
0 // front black bumper / backing
1 0 -150 -74.9380291 642.860203 1 0 0 0 0 1 0 -1 0 3024.dat
0 // front black bumper
1 0 -130 -74.9380291 650.860203 1 0 0 0 0 1 0 -1 0 3070b.dat
0 // front black bumper / backing
1 0 -130 -74.9380291 642.860203 1 0 0 0 0 1 0 -1 0 3024.dat
0 // front black bumper
1 0 -110 -74.9380291 650.860203 1 0 0 0 0 1 0 -1 0 3070b.dat
0 // front black bumper / backing
1 0 -110 -74.9380291 642.860203 1 0 0 0 0 1 0 -1 0 3024.dat
0 // front black bumper
1 0 -90 -74.9380291 650.860203 1 0 0 0 0 1 0 -1 0 3070b.dat
0 // front black bumper / backing
1 0 -90 -74.9380291 642.860203 1 0 0 0 0 1 0 -1 0 3024.dat
0 // front black bumper
1 0 -70 -74.9380291 650.860203 1 0 0 0 0 1 0 -1 0 3070b.dat
0 // front black bumper / backing
1 0 -70 -74.9380291 642.860203 1 0 0 0 0 1 0 -1 0 3024.dat
0 // front black bumper
1 0 -50 -74.9380291 650.860203 1 0 0 0 0 1 0 -1 0 3070b.dat
0 // front black bumper / backing
1 0 -50 -74.9380291 642.860203 1 0 0 0 0 1 0 -1 0 3024.dat
0 // front black bumper
1 0 -30 -74.9380291 650.860203 1 0 0 0 0 1 0 -1 0 3070b.dat
0 // front black bumper / backing
1 0 -30 -74.9380291 642.860203 1 0 0 0 0 1 0 -1 0 3024.dat
0 // front black bumper
1 0 -10 -74.9380291 650.860203 1 0 0 0 0 1 0 -1 0 3070b.dat
0 // front black bumper / backing
1 0 -10 -74.9380291 642.860203 1 0 0 0 0 1 0 -1 0 3024.dat
0 // front black bumper
1 0 10 -74.9380291 650.860203 1 0 0 0 0 1 0 -1 0 3070b.dat
0 // front black bumper / backing
1 0 10 -74.9380291 642.860203 1 0 0 0 0 1 0 -1 0 3024.dat
0 // front black bumper
1 0 30 -74.9380291 650.860203 1 0 0 0 0 1 0 -1 0 3070b.dat
0 // front black bumper / backing
1 0 30 -74.9380291 642.860203 1 0 0 0 0 1 0 -1 0 3024.dat
0 // front black bumper
1 0 50 -74.9380291 650.860203 1 0 0 0 0 1 0 -1 0 3070b.dat
0 // front black bumper / backing
1 0 50 -74.9380291 642.860203 1 0 0 0 0 1 0 -1 0 3024.dat
0 // front black bumper
1 0 70 -74.9380291 650.860203 1 0 0 0 0 1 0 -1 0 3070b.dat
0 // front black bumper / backing
1 0 70 -74.9380291 642.860203 1 0 0 0 0 1 0 -1 0 3024.dat
0 // front black bumper
1 0 90 -74.9380291 650.860203 1 0 0 0 0 1 0 -1 0 3070b.dat
0 // front black bumper / backing
1 0 90 -74.9380291 642.860203 1 0 0 0 0 1 0 -1 0 3024.dat
0 // front black bumper
1 0 110 -74.9380291 650.860203 1 0 0 0 0 1 0 -1 0 3070b.dat
0 // front black bumper / backing
1 0 110 -74.9380291 642.860203 1 0 0 0 0 1 0 -1 0 3024.dat
0 // front black bumper
1 0 130 -74.9380291 650.860203 1 0 0 0 0 1 0 -1 0 3070b.dat
0 // front black bumper / backing
1 0 130 -74.9380291 642.860203 1 0 0 0 0 1 0 -1 0 3024.dat
0 // front black bumper
1 0 150 -74.9380291 650.860203 1 0 0 0 0 1 0 -1 0 3070b.dat
0 // front black bumper / backing
1 0 150 -74.9380291 642.860203 1 0 0 0 0 1 0 -1 0 3024.dat
0 // front black bumper
1 0 170 -74.9380291 650.860203 1 0 0 0 0 1 0 -1 0 3070b.dat
0 // front black bumper / backing
1 0 170 -74.9380291 642.860203 1 0 0 0 0 1 0 -1 0 3024.dat
0 // front black bumper
1 0 190 -74.9380291 650.860203 1 0 0 0 0 1 0 -1 0 3070b.dat
0 // front black bumper / backing
1 0 190 -74.9380291 642.860203 1 0 0 0 0 1 0 -1 0 3024.dat
0 // front black bumper
1 0 210 -74.9380291 650.860203 1 0 0 0 0 1 0 -1 0 3070b.dat
0 // front black bumper / backing
1 0 210 -74.9380291 642.860203 1 0 0 0 0 1 0 -1 0 3024.dat
0 // front continuous light bar
1 47 -190 -232.840678 640.860203 1 0 0 0 1 0 0 0 1 3024.dat
0 // front light bar lower frame
1 0 -190 -224.840678 640.860203 1 0 0 0 1 0 0 0 1 3024.dat
0 // front continuous light bar
1 47 -170 -232.840678 640.860203 1 0 0 0 1 0 0 0 1 3024.dat
0 // front light bar lower frame
1 0 -170 -224.840678 640.860203 1 0 0 0 1 0 0 0 1 3024.dat
0 // front continuous light bar
1 47 -150 -232.840678 640.860203 1 0 0 0 1 0 0 0 1 3024.dat
0 // front light bar lower frame
1 0 -150 -224.840678 640.860203 1 0 0 0 1 0 0 0 1 3024.dat
0 // front continuous light bar
1 47 -130 -232.840678 640.860203 1 0 0 0 1 0 0 0 1 3024.dat
0 // front light bar lower frame
1 0 -130 -224.840678 640.860203 1 0 0 0 1 0 0 0 1 3024.dat
0 // front continuous light bar
1 47 -110 -232.840678 640.860203 1 0 0 0 1 0 0 0 1 3024.dat
0 // front light bar lower frame
1 0 -110 -224.840678 640.860203 1 0 0 0 1 0 0 0 1 3024.dat
0 // front continuous light bar
1 47 -90 -232.840678 640.860203 1 0 0 0 1 0 0 0 1 3024.dat
0 // front light bar lower frame
1 0 -90 -224.840678 640.860203 1 0 0 0 1 0 0 0 1 3024.dat
0 // front continuous light bar
1 47 -70 -232.840678 640.860203 1 0 0 0 1 0 0 0 1 3024.dat
0 // front light bar lower frame
1 0 -70 -224.840678 640.860203 1 0 0 0 1 0 0 0 1 3024.dat
0 // front continuous light bar
1 47 -50 -232.840678 640.860203 1 0 0 0 1 0 0 0 1 3024.dat
0 // front light bar lower frame
1 0 -50 -224.840678 640.860203 1 0 0 0 1 0 0 0 1 3024.dat
0 // front continuous light bar
1 47 -30 -232.840678 640.860203 1 0 0 0 1 0 0 0 1 3024.dat
0 // front light bar lower frame
1 0 -30 -224.840678 640.860203 1 0 0 0 1 0 0 0 1 3024.dat
0 // front continuous light bar
1 47 -10 -232.840678 640.860203 1 0 0 0 1 0 0 0 1 3024.dat
0 // front light bar lower frame
1 0 -10 -224.840678 640.860203 1 0 0 0 1 0 0 0 1 3024.dat
0 // front continuous light bar
1 47 10 -232.840678 640.860203 1 0 0 0 1 0 0 0 1 3024.dat
0 // front light bar lower frame
1 0 10 -224.840678 640.860203 1 0 0 0 1 0 0 0 1 3024.dat
0 // front continuous light bar
1 47 30 -232.840678 640.860203 1 0 0 0 1 0 0 0 1 3024.dat
0 // front light bar lower frame
1 0 30 -224.840678 640.860203 1 0 0 0 1 0 0 0 1 3024.dat
0 // front continuous light bar
1 47 50 -232.840678 640.860203 1 0 0 0 1 0 0 0 1 3024.dat
0 // front light bar lower frame
1 0 50 -224.840678 640.860203 1 0 0 0 1 0 0 0 1 3024.dat
0 // front continuous light bar
1 47 70 -232.840678 640.860203 1 0 0 0 1 0 0 0 1 3024.dat
0 // front light bar lower frame
1 0 70 -224.840678 640.860203 1 0 0 0 1 0 0 0 1 3024.dat
0 // front continuous light bar
1 47 90 -232.840678 640.860203 1 0 0 0 1 0 0 0 1 3024.dat
0 // front light bar lower frame
1 0 90 -224.840678 640.860203 1 0 0 0 1 0 0 0 1 3024.dat
0 // front continuous light bar
1 47 110 -232.840678 640.860203 1 0 0 0 1 0 0 0 1 3024.dat
0 // front light bar lower frame
1 0 110 -224.840678 640.860203 1 0 0 0 1 0 0 0 1 3024.dat
0 // front continuous light bar
1 47 130 -232.840678 640.860203 1 0 0 0 1 0 0 0 1 3024.dat
0 // front light bar lower frame
1 0 130 -224.840678 640.860203 1 0 0 0 1 0 0 0 1 3024.dat
0 // front continuous light bar
1 47 150 -232.840678 640.860203 1 0 0 0 1 0 0 0 1 3024.dat
0 // front light bar lower frame
1 0 150 -224.840678 640.860203 1 0 0 0 1 0 0 0 1 3024.dat
0 // front continuous light bar
1 47 170 -232.840678 640.860203 1 0 0 0 1 0 0 0 1 3024.dat
0 // front light bar lower frame
1 0 170 -224.840678 640.860203 1 0 0 0 1 0 0 0 1 3024.dat
0 // front continuous light bar
1 47 190 -232.840678 640.860203 1 0 0 0 1 0 0 0 1 3024.dat
0 // front light bar lower frame
1 0 190 -224.840678 640.860203 1 0 0 0 1 0 0 0 1 3024.dat
0 // rear stainless fascia
1 71 180 -238.870787 -639.139797 0 0 -1 -1 0 0 0 1 0 87079.dat
0 // rear stainless fascia / backing
1 72 180 -238.870787 -631.139797 0 0 -1 -1 0 0 0 1 0 3020.dat
0 // rear stainless fascia
1 71 180 -158.870787 -639.139797 0 0 -1 -1 0 0 0 1 0 87079.dat
0 // rear stainless fascia / backing
1 72 180 -158.870787 -631.139797 0 0 -1 -1 0 0 0 1 0 3020.dat
0 // rear stainless fascia
1 71 180 -98.8707872 -639.139797 -1 0 0 0 -0 1 0 1 0 3068b.dat
0 // rear stainless fascia / backing
1 72 180 -98.8707872 -631.139797 -1 0 0 0 -0 1 0 1 0 3022.dat
0 // rear stainless fascia
1 71 140 -238.870787 -639.139797 0 0 -1 -1 0 0 0 1 0 87079.dat
0 // rear stainless fascia / backing
1 72 140 -238.870787 -631.139797 0 0 -1 -1 0 0 0 1 0 3020.dat
0 // rear stainless fascia
1 71 140 -158.870787 -639.139797 0 0 -1 -1 0 0 0 1 0 87079.dat
0 // rear stainless fascia / backing
1 72 140 -158.870787 -631.139797 0 0 -1 -1 0 0 0 1 0 3020.dat
0 // rear stainless fascia
1 71 140 -98.8707872 -639.139797 -1 0 0 0 -0 1 0 1 0 3068b.dat
0 // rear stainless fascia / backing
1 72 140 -98.8707872 -631.139797 -1 0 0 0 -0 1 0 1 0 3022.dat
0 // rear stainless fascia
1 71 100 -238.870787 -639.139797 0 0 -1 -1 0 0 0 1 0 87079.dat
0 // rear stainless fascia / backing
1 72 100 -238.870787 -631.139797 0 0 -1 -1 0 0 0 1 0 3020.dat
0 // rear stainless fascia
1 71 100 -158.870787 -639.139797 0 0 -1 -1 0 0 0 1 0 87079.dat
0 // rear stainless fascia / backing
1 72 100 -158.870787 -631.139797 0 0 -1 -1 0 0 0 1 0 3020.dat
0 // rear stainless fascia
1 71 100 -98.8707872 -639.139797 -1 0 0 0 -0 1 0 1 0 3068b.dat
0 // rear stainless fascia / backing
1 72 100 -98.8707872 -631.139797 -1 0 0 0 -0 1 0 1 0 3022.dat
0 // rear stainless fascia
1 71 60 -238.870787 -639.139797 0 0 -1 -1 0 0 0 1 0 87079.dat
0 // rear stainless fascia / backing
1 72 60 -238.870787 -631.139797 0 0 -1 -1 0 0 0 1 0 3020.dat
0 // rear stainless fascia
1 71 60 -158.870787 -639.139797 0 0 -1 -1 0 0 0 1 0 87079.dat
0 // rear stainless fascia / backing
1 72 60 -158.870787 -631.139797 0 0 -1 -1 0 0 0 1 0 3020.dat
0 // rear stainless fascia
1 71 60 -98.8707872 -639.139797 -1 0 0 0 -0 1 0 1 0 3068b.dat
0 // rear stainless fascia / backing
1 72 60 -98.8707872 -631.139797 -1 0 0 0 -0 1 0 1 0 3022.dat
0 // rear stainless fascia
1 71 20 -238.870787 -639.139797 0 0 -1 -1 0 0 0 1 0 87079.dat
0 // rear stainless fascia / backing
1 72 20 -238.870787 -631.139797 0 0 -1 -1 0 0 0 1 0 3020.dat
0 // rear stainless fascia
1 71 20 -158.870787 -639.139797 0 0 -1 -1 0 0 0 1 0 87079.dat
0 // rear stainless fascia / backing
1 72 20 -158.870787 -631.139797 0 0 -1 -1 0 0 0 1 0 3020.dat
0 // rear stainless fascia
1 71 20 -98.8707872 -639.139797 -1 0 0 0 -0 1 0 1 0 3068b.dat
0 // rear stainless fascia / backing
1 72 20 -98.8707872 -631.139797 -1 0 0 0 -0 1 0 1 0 3022.dat
0 // rear stainless fascia
1 71 -20 -238.870787 -639.139797 0 0 -1 -1 0 0 0 1 0 87079.dat
0 // rear stainless fascia / backing
1 72 -20 -238.870787 -631.139797 0 0 -1 -1 0 0 0 1 0 3020.dat
0 // rear stainless fascia
1 71 -20 -158.870787 -639.139797 0 0 -1 -1 0 0 0 1 0 87079.dat
0 // rear stainless fascia / backing
1 72 -20 -158.870787 -631.139797 0 0 -1 -1 0 0 0 1 0 3020.dat
0 // rear stainless fascia
1 71 -20 -98.8707872 -639.139797 -1 0 0 0 -0 1 0 1 0 3068b.dat
0 // rear stainless fascia / backing
1 72 -20 -98.8707872 -631.139797 -1 0 0 0 -0 1 0 1 0 3022.dat
0 // rear stainless fascia
1 71 -60 -238.870787 -639.139797 0 0 -1 -1 0 0 0 1 0 87079.dat
0 // rear stainless fascia / backing
1 72 -60 -238.870787 -631.139797 0 0 -1 -1 0 0 0 1 0 3020.dat
0 // rear stainless fascia
1 71 -60 -158.870787 -639.139797 0 0 -1 -1 0 0 0 1 0 87079.dat
0 // rear stainless fascia / backing
1 72 -60 -158.870787 -631.139797 0 0 -1 -1 0 0 0 1 0 3020.dat
0 // rear stainless fascia
1 71 -60 -98.8707872 -639.139797 -1 0 0 0 -0 1 0 1 0 3068b.dat
0 // rear stainless fascia / backing
1 72 -60 -98.8707872 -631.139797 -1 0 0 0 -0 1 0 1 0 3022.dat
0 // rear stainless fascia
1 71 -100 -238.870787 -639.139797 0 0 -1 -1 0 0 0 1 0 87079.dat
0 // rear stainless fascia / backing
1 72 -100 -238.870787 -631.139797 0 0 -1 -1 0 0 0 1 0 3020.dat
0 // rear stainless fascia
1 71 -100 -158.870787 -639.139797 0 0 -1 -1 0 0 0 1 0 87079.dat
0 // rear stainless fascia / backing
1 72 -100 -158.870787 -631.139797 0 0 -1 -1 0 0 0 1 0 3020.dat
0 // rear stainless fascia
1 71 -100 -98.8707872 -639.139797 -1 0 0 0 -0 1 0 1 0 3068b.dat
0 // rear stainless fascia / backing
1 72 -100 -98.8707872 -631.139797 -1 0 0 0 -0 1 0 1 0 3022.dat
0 // rear stainless fascia
1 71 -140 -238.870787 -639.139797 0 0 -1 -1 0 0 0 1 0 87079.dat
0 // rear stainless fascia / backing
1 72 -140 -238.870787 -631.139797 0 0 -1 -1 0 0 0 1 0 3020.dat
0 // rear stainless fascia
1 71 -140 -158.870787 -639.139797 0 0 -1 -1 0 0 0 1 0 87079.dat
0 // rear stainless fascia / backing
1 72 -140 -158.870787 -631.139797 0 0 -1 -1 0 0 0 1 0 3020.dat
0 // rear stainless fascia
1 71 -140 -98.8707872 -639.139797 -1 0 0 0 -0 1 0 1 0 3068b.dat
0 // rear stainless fascia / backing
1 72 -140 -98.8707872 -631.139797 -1 0 0 0 -0 1 0 1 0 3022.dat
0 // rear stainless fascia
1 71 -180 -238.870787 -639.139797 0 0 -1 -1 0 0 0 1 0 87079.dat
0 // rear stainless fascia / backing
1 72 -180 -238.870787 -631.139797 0 0 -1 -1 0 0 0 1 0 3020.dat
0 // rear stainless fascia
1 71 -180 -158.870787 -639.139797 0 0 -1 -1 0 0 0 1 0 87079.dat
0 // rear stainless fascia / backing
1 72 -180 -158.870787 -631.139797 0 0 -1 -1 0 0 0 1 0 3020.dat
0 // rear stainless fascia
1 71 -180 -98.8707872 -639.139797 -1 0 0 0 -0 1 0 1 0 3068b.dat
0 // rear stainless fascia / backing
1 72 -180 -98.8707872 -631.139797 -1 0 0 0 -0 1 0 1 0 3022.dat
0 // rear black bumper
1 0 210 -74.9380291 -649.139797 -1 0 0 0 -0 1 0 1 0 3070b.dat
0 // rear black bumper / backing
1 0 210 -74.9380291 -641.139797 -1 0 0 0 -0 1 0 1 0 3024.dat
0 // rear black bumper
1 0 190 -74.9380291 -649.139797 -1 0 0 0 -0 1 0 1 0 3070b.dat
0 // rear black bumper / backing
1 0 190 -74.9380291 -641.139797 -1 0 0 0 -0 1 0 1 0 3024.dat
0 // rear black bumper
1 0 170 -74.9380291 -649.139797 -1 0 0 0 -0 1 0 1 0 3070b.dat
0 // rear black bumper / backing
1 0 170 -74.9380291 -641.139797 -1 0 0 0 -0 1 0 1 0 3024.dat
0 // rear black bumper
1 0 150 -74.9380291 -649.139797 -1 0 0 0 -0 1 0 1 0 3070b.dat
0 // rear black bumper / backing
1 0 150 -74.9380291 -641.139797 -1 0 0 0 -0 1 0 1 0 3024.dat
0 // rear black bumper
1 0 130 -74.9380291 -649.139797 -1 0 0 0 -0 1 0 1 0 3070b.dat
0 // rear black bumper / backing
1 0 130 -74.9380291 -641.139797 -1 0 0 0 -0 1 0 1 0 3024.dat
0 // rear black bumper
1 0 110 -74.9380291 -649.139797 -1 0 0 0 -0 1 0 1 0 3070b.dat
0 // rear black bumper / backing
1 0 110 -74.9380291 -641.139797 -1 0 0 0 -0 1 0 1 0 3024.dat
0 // rear black bumper
1 0 90 -74.9380291 -649.139797 -1 0 0 0 -0 1 0 1 0 3070b.dat
0 // rear black bumper / backing
1 0 90 -74.9380291 -641.139797 -1 0 0 0 -0 1 0 1 0 3024.dat
0 // rear black bumper
1 0 70 -74.9380291 -649.139797 -1 0 0 0 -0 1 0 1 0 3070b.dat
0 // rear black bumper / backing
1 0 70 -74.9380291 -641.139797 -1 0 0 0 -0 1 0 1 0 3024.dat
0 // rear black bumper
1 0 50 -74.9380291 -649.139797 -1 0 0 0 -0 1 0 1 0 3070b.dat
0 // rear black bumper / backing
1 0 50 -74.9380291 -641.139797 -1 0 0 0 -0 1 0 1 0 3024.dat
0 // rear black bumper
1 0 30 -74.9380291 -649.139797 -1 0 0 0 -0 1 0 1 0 3070b.dat
0 // rear black bumper / backing
1 0 30 -74.9380291 -641.139797 -1 0 0 0 -0 1 0 1 0 3024.dat
0 // rear black bumper
1 0 10 -74.9380291 -649.139797 -1 0 0 0 -0 1 0 1 0 3070b.dat
0 // rear black bumper / backing
1 0 10 -74.9380291 -641.139797 -1 0 0 0 -0 1 0 1 0 3024.dat
0 // rear black bumper
1 0 -10 -74.9380291 -649.139797 -1 0 0 0 -0 1 0 1 0 3070b.dat
0 // rear black bumper / backing
1 0 -10 -74.9380291 -641.139797 -1 0 0 0 -0 1 0 1 0 3024.dat
0 // rear black bumper
1 0 -30 -74.9380291 -649.139797 -1 0 0 0 -0 1 0 1 0 3070b.dat
0 // rear black bumper / backing
1 0 -30 -74.9380291 -641.139797 -1 0 0 0 -0 1 0 1 0 3024.dat
0 // rear black bumper
1 0 -50 -74.9380291 -649.139797 -1 0 0 0 -0 1 0 1 0 3070b.dat
0 // rear black bumper / backing
1 0 -50 -74.9380291 -641.139797 -1 0 0 0 -0 1 0 1 0 3024.dat
0 // rear black bumper
1 0 -70 -74.9380291 -649.139797 -1 0 0 0 -0 1 0 1 0 3070b.dat
0 // rear black bumper / backing
1 0 -70 -74.9380291 -641.139797 -1 0 0 0 -0 1 0 1 0 3024.dat
0 // rear black bumper
1 0 -90 -74.9380291 -649.139797 -1 0 0 0 -0 1 0 1 0 3070b.dat
0 // rear black bumper / backing
1 0 -90 -74.9380291 -641.139797 -1 0 0 0 -0 1 0 1 0 3024.dat
0 // rear black bumper
1 0 -110 -74.9380291 -649.139797 -1 0 0 0 -0 1 0 1 0 3070b.dat
0 // rear black bumper / backing
1 0 -110 -74.9380291 -641.139797 -1 0 0 0 -0 1 0 1 0 3024.dat
0 // rear black bumper
1 0 -130 -74.9380291 -649.139797 -1 0 0 0 -0 1 0 1 0 3070b.dat
0 // rear black bumper / backing
1 0 -130 -74.9380291 -641.139797 -1 0 0 0 -0 1 0 1 0 3024.dat
0 // rear black bumper
1 0 -150 -74.9380291 -649.139797 -1 0 0 0 -0 1 0 1 0 3070b.dat
0 // rear black bumper / backing
1 0 -150 -74.9380291 -641.139797 -1 0 0 0 -0 1 0 1 0 3024.dat
0 // rear black bumper
1 0 -170 -74.9380291 -649.139797 -1 0 0 0 -0 1 0 1 0 3070b.dat
0 // rear black bumper / backing
1 0 -170 -74.9380291 -641.139797 -1 0 0 0 -0 1 0 1 0 3024.dat
0 // rear black bumper
1 0 -190 -74.9380291 -649.139797 -1 0 0 0 -0 1 0 1 0 3070b.dat
0 // rear black bumper / backing
1 0 -190 -74.9380291 -641.139797 -1 0 0 0 -0 1 0 1 0 3024.dat
0 // rear black bumper
1 0 -210 -74.9380291 -649.139797 -1 0 0 0 -0 1 0 1 0 3070b.dat
0 // rear black bumper / backing
1 0 -210 -74.9380291 -641.139797 -1 0 0 0 -0 1 0 1 0 3024.dat
0 // rear continuous light bar
1 36 -190 -290.870787 -639.139797 1 0 0 0 1 0 0 0 1 3024.dat
0 // rear light bar lower frame
1 0 -190 -282.870787 -639.139797 1 0 0 0 1 0 0 0 1 3024.dat
0 // rear continuous light bar
1 36 -170 -290.870787 -639.139797 1 0 0 0 1 0 0 0 1 3024.dat
0 // rear light bar lower frame
1 0 -170 -282.870787 -639.139797 1 0 0 0 1 0 0 0 1 3024.dat
0 // rear continuous light bar
1 36 -150 -290.870787 -639.139797 1 0 0 0 1 0 0 0 1 3024.dat
0 // rear light bar lower frame
1 0 -150 -282.870787 -639.139797 1 0 0 0 1 0 0 0 1 3024.dat
0 // rear continuous light bar
1 36 -130 -290.870787 -639.139797 1 0 0 0 1 0 0 0 1 3024.dat
0 // rear light bar lower frame
1 0 -130 -282.870787 -639.139797 1 0 0 0 1 0 0 0 1 3024.dat
0 // rear continuous light bar
1 36 -110 -290.870787 -639.139797 1 0 0 0 1 0 0 0 1 3024.dat
0 // rear light bar lower frame
1 0 -110 -282.870787 -639.139797 1 0 0 0 1 0 0 0 1 3024.dat
0 // rear continuous light bar
1 36 -90 -290.870787 -639.139797 1 0 0 0 1 0 0 0 1 3024.dat
0 // rear light bar lower frame
1 0 -90 -282.870787 -639.139797 1 0 0 0 1 0 0 0 1 3024.dat
0 // rear continuous light bar
1 36 -70 -290.870787 -639.139797 1 0 0 0 1 0 0 0 1 3024.dat
0 // rear light bar lower frame
1 0 -70 -282.870787 -639.139797 1 0 0 0 1 0 0 0 1 3024.dat
0 // rear continuous light bar
1 36 -50 -290.870787 -639.139797 1 0 0 0 1 0 0 0 1 3024.dat
0 // rear light bar lower frame
1 0 -50 -282.870787 -639.139797 1 0 0 0 1 0 0 0 1 3024.dat
0 // rear continuous light bar
1 36 -30 -290.870787 -639.139797 1 0 0 0 1 0 0 0 1 3024.dat
0 // rear light bar lower frame
1 0 -30 -282.870787 -639.139797 1 0 0 0 1 0 0 0 1 3024.dat
0 // rear continuous light bar
1 36 -10 -290.870787 -639.139797 1 0 0 0 1 0 0 0 1 3024.dat
0 // rear light bar lower frame
1 0 -10 -282.870787 -639.139797 1 0 0 0 1 0 0 0 1 3024.dat
0 // rear continuous light bar
1 36 10 -290.870787 -639.139797 1 0 0 0 1 0 0 0 1 3024.dat
0 // rear light bar lower frame
1 0 10 -282.870787 -639.139797 1 0 0 0 1 0 0 0 1 3024.dat
0 // rear continuous light bar
1 36 30 -290.870787 -639.139797 1 0 0 0 1 0 0 0 1 3024.dat
0 // rear light bar lower frame
1 0 30 -282.870787 -639.139797 1 0 0 0 1 0 0 0 1 3024.dat
0 // rear continuous light bar
1 36 50 -290.870787 -639.139797 1 0 0 0 1 0 0 0 1 3024.dat
0 // rear light bar lower frame
1 0 50 -282.870787 -639.139797 1 0 0 0 1 0 0 0 1 3024.dat
0 // rear continuous light bar
1 36 70 -290.870787 -639.139797 1 0 0 0 1 0 0 0 1 3024.dat
0 // rear light bar lower frame
1 0 70 -282.870787 -639.139797 1 0 0 0 1 0 0 0 1 3024.dat
0 // rear continuous light bar
1 36 90 -290.870787 -639.139797 1 0 0 0 1 0 0 0 1 3024.dat
0 // rear light bar lower frame
1 0 90 -282.870787 -639.139797 1 0 0 0 1 0 0 0 1 3024.dat
0 // rear continuous light bar
1 36 110 -290.870787 -639.139797 1 0 0 0 1 0 0 0 1 3024.dat
0 // rear light bar lower frame
1 0 110 -282.870787 -639.139797 1 0 0 0 1 0 0 0 1 3024.dat
0 // rear continuous light bar
1 36 130 -290.870787 -639.139797 1 0 0 0 1 0 0 0 1 3024.dat
0 // rear light bar lower frame
1 0 130 -282.870787 -639.139797 1 0 0 0 1 0 0 0 1 3024.dat
0 // rear continuous light bar
1 36 150 -290.870787 -639.139797 1 0 0 0 1 0 0 0 1 3024.dat
0 // rear light bar lower frame
1 0 150 -282.870787 -639.139797 1 0 0 0 1 0 0 0 1 3024.dat
0 // rear continuous light bar
1 36 170 -290.870787 -639.139797 1 0 0 0 1 0 0 0 1 3024.dat
0 // rear light bar lower frame
1 0 170 -282.870787 -639.139797 1 0 0 0 1 0 0 0 1 3024.dat
0 // rear continuous light bar
1 36 190 -290.870787 -639.139797 1 0 0 0 1 0 0 0 1 3024.dat
0 // rear light bar lower frame
1 0 190 -282.870787 -639.139797 1 0 0 0 1 0 0 0 1 3024.dat
0 // concealed chassis rails
1 0 -100 -107.661462 -579.139797 0 0 1 0 1 0 -1 0 0 3010.dat
0 // concealed chassis rail ties
1 0 -100 -131.661462 -559.139797 0 0 1 0 1 0 -1 0 0 3710.dat
0 // concealed chassis rails
1 0 -100 -107.661462 -499.139797 0 0 1 0 1 0 -1 0 0 3010.dat
0 // concealed chassis rail ties
1 0 -100 -131.661462 -479.139797 0 0 1 0 1 0 -1 0 0 3710.dat
0 // concealed chassis rails
1 0 -100 -107.661462 -419.139797 0 0 1 0 1 0 -1 0 0 3010.dat
0 // concealed chassis rail ties
1 0 -100 -131.661462 -399.139797 0 0 1 0 1 0 -1 0 0 3710.dat
0 // concealed chassis rails
1 0 -100 -107.661462 -339.139797 0 0 1 0 1 0 -1 0 0 3010.dat
0 // concealed chassis rail ties
1 0 -100 -131.661462 -319.139797 0 0 1 0 1 0 -1 0 0 3710.dat
0 // concealed chassis rails
1 0 -100 -107.661462 -259.139797 0 0 1 0 1 0 -1 0 0 3010.dat
0 // concealed chassis rail ties
1 0 -100 -131.661462 -239.139797 0 0 1 0 1 0 -1 0 0 3710.dat
0 // concealed chassis rails
1 0 -100 -107.661462 -179.139797 0 0 1 0 1 0 -1 0 0 3010.dat
0 // concealed chassis rail ties
1 0 -100 -131.661462 -159.139797 0 0 1 0 1 0 -1 0 0 3710.dat
0 // concealed chassis rails
1 0 -100 -107.661462 -99.1397968 0 0 1 0 1 0 -1 0 0 3010.dat
0 // concealed chassis rail ties
1 0 -100 -131.661462 -79.1397968 0 0 1 0 1 0 -1 0 0 3710.dat
0 // concealed chassis rails
1 0 -100 -107.661462 -19.1397968 0 0 1 0 1 0 -1 0 0 3010.dat
0 // concealed chassis rail ties
1 0 -100 -131.661462 0.8602032 0 0 1 0 1 0 -1 0 0 3710.dat
0 // concealed chassis rails
1 0 -100 -107.661462 60.8602032 0 0 1 0 1 0 -1 0 0 3010.dat
0 // concealed chassis rail ties
1 0 -100 -131.661462 80.8602032 0 0 1 0 1 0 -1 0 0 3710.dat
0 // concealed chassis rails
1 0 -100 -107.661462 140.860203 0 0 1 0 1 0 -1 0 0 3010.dat
0 // concealed chassis rail ties
1 0 -100 -131.661462 160.860203 0 0 1 0 1 0 -1 0 0 3710.dat
0 // concealed chassis rails
1 0 -100 -107.661462 220.860203 0 0 1 0 1 0 -1 0 0 3010.dat
0 // concealed chassis rail ties
1 0 -100 -131.661462 240.860203 0 0 1 0 1 0 -1 0 0 3710.dat
0 // concealed chassis rails
1 0 -100 -107.661462 300.860203 0 0 1 0 1 0 -1 0 0 3010.dat
0 // concealed chassis rail ties
1 0 -100 -131.661462 320.860203 0 0 1 0 1 0 -1 0 0 3710.dat
0 // concealed chassis rails
1 0 -100 -107.661462 380.860203 0 0 1 0 1 0 -1 0 0 3010.dat
0 // concealed chassis rail ties
1 0 -100 -131.661462 400.860203 0 0 1 0 1 0 -1 0 0 3710.dat
0 // concealed chassis rails
1 0 -100 -107.661462 460.860203 0 0 1 0 1 0 -1 0 0 3010.dat
0 // concealed chassis rail ties
1 0 -100 -131.661462 480.860203 0 0 1 0 1 0 -1 0 0 3710.dat
0 // concealed chassis rails
1 0 -100 -107.661462 540.860203 0 0 1 0 1 0 -1 0 0 3010.dat
0 // concealed chassis rail ties
1 0 -100 -131.661462 560.860203 0 0 1 0 1 0 -1 0 0 3710.dat
0 // concealed chassis rails
1 0 -60 -107.661462 -579.139797 0 0 1 0 1 0 -1 0 0 3010.dat
0 // concealed chassis rail ties
1 0 -60 -131.661462 -559.139797 0 0 1 0 1 0 -1 0 0 3710.dat
0 // concealed chassis rails
1 0 -60 -107.661462 -499.139797 0 0 1 0 1 0 -1 0 0 3010.dat
0 // concealed chassis rail ties
1 0 -60 -131.661462 -479.139797 0 0 1 0 1 0 -1 0 0 3710.dat
0 // concealed chassis rails
1 0 -60 -107.661462 -419.139797 0 0 1 0 1 0 -1 0 0 3010.dat
0 // concealed chassis rail ties
1 0 -60 -131.661462 -399.139797 0 0 1 0 1 0 -1 0 0 3710.dat
0 // concealed chassis rails
1 0 -60 -107.661462 -339.139797 0 0 1 0 1 0 -1 0 0 3010.dat
0 // concealed chassis rail ties
1 0 -60 -131.661462 -319.139797 0 0 1 0 1 0 -1 0 0 3710.dat
0 // concealed chassis rails
1 0 -60 -107.661462 -259.139797 0 0 1 0 1 0 -1 0 0 3010.dat
0 // concealed chassis rail ties
1 0 -60 -131.661462 -239.139797 0 0 1 0 1 0 -1 0 0 3710.dat
0 // concealed chassis rails
1 0 -60 -107.661462 -179.139797 0 0 1 0 1 0 -1 0 0 3010.dat
0 // concealed chassis rail ties
1 0 -60 -131.661462 -159.139797 0 0 1 0 1 0 -1 0 0 3710.dat
0 // concealed chassis rails
1 0 -60 -107.661462 -99.1397968 0 0 1 0 1 0 -1 0 0 3010.dat
0 // concealed chassis rail ties
1 0 -60 -131.661462 -79.1397968 0 0 1 0 1 0 -1 0 0 3710.dat
0 // concealed chassis rails
1 0 -60 -107.661462 -19.1397968 0 0 1 0 1 0 -1 0 0 3010.dat
0 // concealed chassis rail ties
1 0 -60 -131.661462 0.8602032 0 0 1 0 1 0 -1 0 0 3710.dat
0 // concealed chassis rails
1 0 -60 -107.661462 60.8602032 0 0 1 0 1 0 -1 0 0 3010.dat
0 // concealed chassis rail ties
1 0 -60 -131.661462 80.8602032 0 0 1 0 1 0 -1 0 0 3710.dat
0 // concealed chassis rails
1 0 -60 -107.661462 140.860203 0 0 1 0 1 0 -1 0 0 3010.dat
0 // concealed chassis rail ties
1 0 -60 -131.661462 160.860203 0 0 1 0 1 0 -1 0 0 3710.dat
0 // concealed chassis rails
1 0 -60 -107.661462 220.860203 0 0 1 0 1 0 -1 0 0 3010.dat
0 // concealed chassis rail ties
1 0 -60 -131.661462 240.860203 0 0 1 0 1 0 -1 0 0 3710.dat
0 // concealed chassis rails
1 0 -60 -107.661462 300.860203 0 0 1 0 1 0 -1 0 0 3010.dat
0 // concealed chassis rail ties
1 0 -60 -131.661462 320.860203 0 0 1 0 1 0 -1 0 0 3710.dat
0 // concealed chassis rails
1 0 -60 -107.661462 380.860203 0 0 1 0 1 0 -1 0 0 3010.dat
0 // concealed chassis rail ties
1 0 -60 -131.661462 400.860203 0 0 1 0 1 0 -1 0 0 3710.dat
0 // concealed chassis rails
1 0 -60 -107.661462 460.860203 0 0 1 0 1 0 -1 0 0 3010.dat
0 // concealed chassis rail ties
1 0 -60 -131.661462 480.860203 0 0 1 0 1 0 -1 0 0 3710.dat
0 // concealed chassis rails
1 0 -60 -107.661462 540.860203 0 0 1 0 1 0 -1 0 0 3010.dat
0 // concealed chassis rail ties
1 0 -60 -131.661462 560.860203 0 0 1 0 1 0 -1 0 0 3710.dat
0 // concealed chassis rails
1 0 60 -107.661462 -579.139797 0 0 1 0 1 0 -1 0 0 3010.dat
0 // concealed chassis rail ties
1 0 60 -131.661462 -559.139797 0 0 1 0 1 0 -1 0 0 3710.dat
0 // concealed chassis rails
1 0 60 -107.661462 -499.139797 0 0 1 0 1 0 -1 0 0 3010.dat
0 // concealed chassis rail ties
1 0 60 -131.661462 -479.139797 0 0 1 0 1 0 -1 0 0 3710.dat
0 // concealed chassis rails
1 0 60 -107.661462 -419.139797 0 0 1 0 1 0 -1 0 0 3010.dat
0 // concealed chassis rail ties
1 0 60 -131.661462 -399.139797 0 0 1 0 1 0 -1 0 0 3710.dat
0 // concealed chassis rails
1 0 60 -107.661462 -339.139797 0 0 1 0 1 0 -1 0 0 3010.dat
0 // concealed chassis rail ties
1 0 60 -131.661462 -319.139797 0 0 1 0 1 0 -1 0 0 3710.dat
0 // concealed chassis rails
1 0 60 -107.661462 -259.139797 0 0 1 0 1 0 -1 0 0 3010.dat
0 // concealed chassis rail ties
1 0 60 -131.661462 -239.139797 0 0 1 0 1 0 -1 0 0 3710.dat
0 // concealed chassis rails
1 0 60 -107.661462 -179.139797 0 0 1 0 1 0 -1 0 0 3010.dat
0 // concealed chassis rail ties
1 0 60 -131.661462 -159.139797 0 0 1 0 1 0 -1 0 0 3710.dat
0 // concealed chassis rails
1 0 60 -107.661462 -99.1397968 0 0 1 0 1 0 -1 0 0 3010.dat
0 // concealed chassis rail ties
1 0 60 -131.661462 -79.1397968 0 0 1 0 1 0 -1 0 0 3710.dat
0 // concealed chassis rails
1 0 60 -107.661462 -19.1397968 0 0 1 0 1 0 -1 0 0 3010.dat
0 // concealed chassis rail ties
1 0 60 -131.661462 0.8602032 0 0 1 0 1 0 -1 0 0 3710.dat
0 // concealed chassis rails
1 0 60 -107.661462 60.8602032 0 0 1 0 1 0 -1 0 0 3010.dat
0 // concealed chassis rail ties
1 0 60 -131.661462 80.8602032 0 0 1 0 1 0 -1 0 0 3710.dat
0 // concealed chassis rails
1 0 60 -107.661462 140.860203 0 0 1 0 1 0 -1 0 0 3010.dat
0 // concealed chassis rail ties
1 0 60 -131.661462 160.860203 0 0 1 0 1 0 -1 0 0 3710.dat
0 // concealed chassis rails
1 0 60 -107.661462 220.860203 0 0 1 0 1 0 -1 0 0 3010.dat
0 // concealed chassis rail ties
1 0 60 -131.661462 240.860203 0 0 1 0 1 0 -1 0 0 3710.dat
0 // concealed chassis rails
1 0 60 -107.661462 300.860203 0 0 1 0 1 0 -1 0 0 3010.dat
0 // concealed chassis rail ties
1 0 60 -131.661462 320.860203 0 0 1 0 1 0 -1 0 0 3710.dat
0 // concealed chassis rails
1 0 60 -107.661462 380.860203 0 0 1 0 1 0 -1 0 0 3010.dat
0 // concealed chassis rail ties
1 0 60 -131.661462 400.860203 0 0 1 0 1 0 -1 0 0 3710.dat
0 // concealed chassis rails
1 0 60 -107.661462 460.860203 0 0 1 0 1 0 -1 0 0 3010.dat
0 // concealed chassis rail ties
1 0 60 -131.661462 480.860203 0 0 1 0 1 0 -1 0 0 3710.dat
0 // concealed chassis rails
1 0 60 -107.661462 540.860203 0 0 1 0 1 0 -1 0 0 3010.dat
0 // concealed chassis rail ties
1 0 60 -131.661462 560.860203 0 0 1 0 1 0 -1 0 0 3710.dat
0 // concealed chassis rails
1 0 100 -107.661462 -579.139797 0 0 1 0 1 0 -1 0 0 3010.dat
0 // concealed chassis rail ties
1 0 100 -131.661462 -559.139797 0 0 1 0 1 0 -1 0 0 3710.dat
0 // concealed chassis rails
1 0 100 -107.661462 -499.139797 0 0 1 0 1 0 -1 0 0 3010.dat
0 // concealed chassis rail ties
1 0 100 -131.661462 -479.139797 0 0 1 0 1 0 -1 0 0 3710.dat
0 // concealed chassis rails
1 0 100 -107.661462 -419.139797 0 0 1 0 1 0 -1 0 0 3010.dat
0 // concealed chassis rail ties
1 0 100 -131.661462 -399.139797 0 0 1 0 1 0 -1 0 0 3710.dat
0 // concealed chassis rails
1 0 100 -107.661462 -339.139797 0 0 1 0 1 0 -1 0 0 3010.dat
0 // concealed chassis rail ties
1 0 100 -131.661462 -319.139797 0 0 1 0 1 0 -1 0 0 3710.dat
0 // concealed chassis rails
1 0 100 -107.661462 -259.139797 0 0 1 0 1 0 -1 0 0 3010.dat
0 // concealed chassis rail ties
1 0 100 -131.661462 -239.139797 0 0 1 0 1 0 -1 0 0 3710.dat
0 // concealed chassis rails
1 0 100 -107.661462 -179.139797 0 0 1 0 1 0 -1 0 0 3010.dat
0 // concealed chassis rail ties
1 0 100 -131.661462 -159.139797 0 0 1 0 1 0 -1 0 0 3710.dat
0 // concealed chassis rails
1 0 100 -107.661462 -99.1397968 0 0 1 0 1 0 -1 0 0 3010.dat
0 // concealed chassis rail ties
1 0 100 -131.661462 -79.1397968 0 0 1 0 1 0 -1 0 0 3710.dat
0 // concealed chassis rails
1 0 100 -107.661462 -19.1397968 0 0 1 0 1 0 -1 0 0 3010.dat
0 // concealed chassis rail ties
1 0 100 -131.661462 0.8602032 0 0 1 0 1 0 -1 0 0 3710.dat
0 // concealed chassis rails
1 0 100 -107.661462 60.8602032 0 0 1 0 1 0 -1 0 0 3010.dat
0 // concealed chassis rail ties
1 0 100 -131.661462 80.8602032 0 0 1 0 1 0 -1 0 0 3710.dat
0 // concealed chassis rails
1 0 100 -107.661462 140.860203 0 0 1 0 1 0 -1 0 0 3010.dat
0 // concealed chassis rail ties
1 0 100 -131.661462 160.860203 0 0 1 0 1 0 -1 0 0 3710.dat
0 // concealed chassis rails
1 0 100 -107.661462 220.860203 0 0 1 0 1 0 -1 0 0 3010.dat
0 // concealed chassis rail ties
1 0 100 -131.661462 240.860203 0 0 1 0 1 0 -1 0 0 3710.dat
0 // concealed chassis rails
1 0 100 -107.661462 300.860203 0 0 1 0 1 0 -1 0 0 3010.dat
0 // concealed chassis rail ties
1 0 100 -131.661462 320.860203 0 0 1 0 1 0 -1 0 0 3710.dat
0 // concealed chassis rails
1 0 100 -107.661462 380.860203 0 0 1 0 1 0 -1 0 0 3010.dat
0 // concealed chassis rail ties
1 0 100 -131.661462 400.860203 0 0 1 0 1 0 -1 0 0 3710.dat
0 // concealed chassis rails
1 0 100 -107.661462 460.860203 0 0 1 0 1 0 -1 0 0 3010.dat
0 // concealed chassis rail ties
1 0 100 -131.661462 480.860203 0 0 1 0 1 0 -1 0 0 3710.dat
0 // concealed chassis rails
1 0 100 -107.661462 540.860203 0 0 1 0 1 0 -1 0 0 3010.dat
0 // concealed chassis rail ties
1 0 100 -131.661462 560.860203 0 0 1 0 1 0 -1 0 0 3710.dat
0 // concealed crossmembers
1 72 -60 -139.661462 -589.139797 1 0 0 0 1 0 0 0 1 3020.dat
1 72 20 -139.661462 -589.139797 1 0 0 0 1 0 0 0 1 3020.dat
1 72 100 -139.661462 -589.139797 1 0 0 0 1 0 0 0 1 3020.dat
1 72 -60 -139.661462 -509.139797 1 0 0 0 1 0 0 0 1 3020.dat
1 72 20 -139.661462 -509.139797 1 0 0 0 1 0 0 0 1 3020.dat
1 72 100 -139.661462 -509.139797 1 0 0 0 1 0 0 0 1 3020.dat
1 72 -60 -139.661462 -429.139797 1 0 0 0 1 0 0 0 1 3020.dat
1 72 20 -139.661462 -429.139797 1 0 0 0 1 0 0 0 1 3020.dat
1 72 100 -139.661462 -429.139797 1 0 0 0 1 0 0 0 1 3020.dat
1 72 -60 -139.661462 -349.139797 1 0 0 0 1 0 0 0 1 3020.dat
1 72 20 -139.661462 -349.139797 1 0 0 0 1 0 0 0 1 3020.dat
1 72 100 -139.661462 -349.139797 1 0 0 0 1 0 0 0 1 3020.dat
1 72 -60 -139.661462 -269.139797 1 0 0 0 1 0 0 0 1 3020.dat
1 72 20 -139.661462 -269.139797 1 0 0 0 1 0 0 0 1 3020.dat
1 72 100 -139.661462 -269.139797 1 0 0 0 1 0 0 0 1 3020.dat
1 72 -60 -139.661462 -189.139797 1 0 0 0 1 0 0 0 1 3020.dat
1 72 20 -139.661462 -189.139797 1 0 0 0 1 0 0 0 1 3020.dat
1 72 100 -139.661462 -189.139797 1 0 0 0 1 0 0 0 1 3020.dat
1 72 -60 -139.661462 -109.139797 1 0 0 0 1 0 0 0 1 3020.dat
1 72 20 -139.661462 -109.139797 1 0 0 0 1 0 0 0 1 3020.dat
1 72 100 -139.661462 -109.139797 1 0 0 0 1 0 0 0 1 3020.dat
1 72 -60 -139.661462 -29.1397968 1 0 0 0 1 0 0 0 1 3020.dat
1 72 20 -139.661462 -29.1397968 1 0 0 0 1 0 0 0 1 3020.dat
1 72 100 -139.661462 -29.1397968 1 0 0 0 1 0 0 0 1 3020.dat
1 72 -60 -139.661462 50.8602032 1 0 0 0 1 0 0 0 1 3020.dat
1 72 20 -139.661462 50.8602032 1 0 0 0 1 0 0 0 1 3020.dat
1 72 100 -139.661462 50.8602032 1 0 0 0 1 0 0 0 1 3020.dat
1 72 -60 -139.661462 130.860203 1 0 0 0 1 0 0 0 1 3020.dat
1 72 20 -139.661462 130.860203 1 0 0 0 1 0 0 0 1 3020.dat
1 72 100 -139.661462 130.860203 1 0 0 0 1 0 0 0 1 3020.dat
1 72 -60 -139.661462 210.860203 1 0 0 0 1 0 0 0 1 3020.dat
1 72 20 -139.661462 210.860203 1 0 0 0 1 0 0 0 1 3020.dat
1 72 100 -139.661462 210.860203 1 0 0 0 1 0 0 0 1 3020.dat
1 72 -60 -139.661462 290.860203 1 0 0 0 1 0 0 0 1 3020.dat
1 72 20 -139.661462 290.860203 1 0 0 0 1 0 0 0 1 3020.dat
1 72 100 -139.661462 290.860203 1 0 0 0 1 0 0 0 1 3020.dat
1 72 -60 -139.661462 370.860203 1 0 0 0 1 0 0 0 1 3020.dat
1 72 20 -139.661462 370.860203 1 0 0 0 1 0 0 0 1 3020.dat
1 72 100 -139.661462 370.860203 1 0 0 0 1 0 0 0 1 3020.dat
1 72 -60 -139.661462 450.860203 1 0 0 0 1 0 0 0 1 3020.dat
1 72 20 -139.661462 450.860203 1 0 0 0 1 0 0 0 1 3020.dat
1 72 100 -139.661462 450.860203 1 0 0 0 1 0 0 0 1 3020.dat
1 72 -60 -139.661462 530.860203 1 0 0 0 1 0 0 0 1 3020.dat
1 72 20 -139.661462 530.860203 1 0 0 0 1 0 0 0 1 3020.dat
1 72 100 -139.661462 530.860203 1 0 0 0 1 0 0 0 1 3020.dat
0 // concealed shell ribs
1 72 -188 -139.661462 -609.139797 1 0 0 0 1 0 0 0 1 3004.dat
1 72 -188 -163.661462 -609.139797 1 0 0 0 1 0 0 0 1 3004.dat
1 72 -188 -187.661462 -609.139797 1 0 0 0 1 0 0 0 1 3004.dat
1 72 -188 -211.661462 -609.139797 1 0 0 0 1 0 0 0 1 3004.dat
1 72 -188 -235.661462 -609.139797 1 0 0 0 1 0 0 0 1 3004.dat
1 72 -188 -259.661462 -609.139797 1 0 0 0 1 0 0 0 1 3004.dat
1 72 -188 -283.661462 -609.139797 1 0 0 0 1 0 0 0 1 3004.dat
1 72 -188 -139.661462 -549.139797 1 0 0 0 1 0 0 0 1 3004.dat
1 72 -188 -163.661462 -549.139797 1 0 0 0 1 0 0 0 1 3004.dat
1 72 -188 -187.661462 -549.139797 1 0 0 0 1 0 0 0 1 3004.dat
1 72 -188 -211.661462 -549.139797 1 0 0 0 1 0 0 0 1 3004.dat
1 72 -188 -235.661462 -549.139797 1 0 0 0 1 0 0 0 1 3004.dat
1 72 -188 -259.661462 -549.139797 1 0 0 0 1 0 0 0 1 3004.dat
1 72 -188 -283.661462 -549.139797 1 0 0 0 1 0 0 0 1 3004.dat
1 72 -188 -139.661462 -249.139797 1 0 0 0 1 0 0 0 1 3004.dat
1 72 -188 -163.661462 -249.139797 1 0 0 0 1 0 0 0 1 3004.dat
1 72 -188 -187.661462 -249.139797 1 0 0 0 1 0 0 0 1 3004.dat
1 72 -188 -211.661462 -249.139797 1 0 0 0 1 0 0 0 1 3004.dat
1 72 -188 -235.661462 -249.139797 1 0 0 0 1 0 0 0 1 3004.dat
1 72 -188 -259.661462 -249.139797 1 0 0 0 1 0 0 0 1 3004.dat
1 72 -188 -139.661462 -189.139797 1 0 0 0 1 0 0 0 1 3004.dat
1 72 -188 -163.661462 -189.139797 1 0 0 0 1 0 0 0 1 3004.dat
1 72 -188 -187.661462 -189.139797 1 0 0 0 1 0 0 0 1 3004.dat
1 72 -188 -211.661462 -189.139797 1 0 0 0 1 0 0 0 1 3004.dat
1 72 -188 -235.661462 -189.139797 1 0 0 0 1 0 0 0 1 3004.dat
1 72 -188 -259.661462 -189.139797 1 0 0 0 1 0 0 0 1 3004.dat
1 72 -188 -139.661462 -129.139797 1 0 0 0 1 0 0 0 1 3004.dat
1 72 -188 -163.661462 -129.139797 1 0 0 0 1 0 0 0 1 3004.dat
1 72 -188 -187.661462 -129.139797 1 0 0 0 1 0 0 0 1 3004.dat
1 72 -188 -211.661462 -129.139797 1 0 0 0 1 0 0 0 1 3004.dat
1 72 -188 -235.661462 -129.139797 1 0 0 0 1 0 0 0 1 3004.dat
1 72 -188 -259.661462 -129.139797 1 0 0 0 1 0 0 0 1 3004.dat
1 72 -188 -139.661462 -69.1397968 1 0 0 0 1 0 0 0 1 3004.dat
1 72 -188 -163.661462 -69.1397968 1 0 0 0 1 0 0 0 1 3004.dat
1 72 -188 -187.661462 -69.1397968 1 0 0 0 1 0 0 0 1 3004.dat
1 72 -188 -211.661462 -69.1397968 1 0 0 0 1 0 0 0 1 3004.dat
1 72 -188 -235.661462 -69.1397968 1 0 0 0 1 0 0 0 1 3004.dat
1 72 -188 -259.661462 -69.1397968 1 0 0 0 1 0 0 0 1 3004.dat
1 72 -188 -139.661462 -9.1397968 1 0 0 0 1 0 0 0 1 3004.dat
1 72 -188 -163.661462 -9.1397968 1 0 0 0 1 0 0 0 1 3004.dat
1 72 -188 -187.661462 -9.1397968 1 0 0 0 1 0 0 0 1 3004.dat
1 72 -188 -211.661462 -9.1397968 1 0 0 0 1 0 0 0 1 3004.dat
1 72 -188 -235.661462 -9.1397968 1 0 0 0 1 0 0 0 1 3004.dat
1 72 -188 -259.661462 -9.1397968 1 0 0 0 1 0 0 0 1 3004.dat
1 72 -188 -139.661462 50.8602032 1 0 0 0 1 0 0 0 1 3004.dat
1 72 -188 -163.661462 50.8602032 1 0 0 0 1 0 0 0 1 3004.dat
1 72 -188 -187.661462 50.8602032 1 0 0 0 1 0 0 0 1 3004.dat
1 72 -188 -211.661462 50.8602032 1 0 0 0 1 0 0 0 1 3004.dat
1 72 -188 -235.661462 50.8602032 1 0 0 0 1 0 0 0 1 3004.dat
1 72 -188 -259.661462 50.8602032 1 0 0 0 1 0 0 0 1 3004.dat
1 72 -188 -139.661462 110.860203 1 0 0 0 1 0 0 0 1 3004.dat
1 72 -188 -163.661462 110.860203 1 0 0 0 1 0 0 0 1 3004.dat
1 72 -188 -187.661462 110.860203 1 0 0 0 1 0 0 0 1 3004.dat
1 72 -188 -211.661462 110.860203 1 0 0 0 1 0 0 0 1 3004.dat
1 72 -188 -235.661462 110.860203 1 0 0 0 1 0 0 0 1 3004.dat
1 72 -188 -259.661462 110.860203 1 0 0 0 1 0 0 0 1 3004.dat
1 72 -188 -139.661462 170.860203 1 0 0 0 1 0 0 0 1 3004.dat
1 72 -188 -163.661462 170.860203 1 0 0 0 1 0 0 0 1 3004.dat
1 72 -188 -187.661462 170.860203 1 0 0 0 1 0 0 0 1 3004.dat
1 72 -188 -211.661462 170.860203 1 0 0 0 1 0 0 0 1 3004.dat
1 72 -188 -235.661462 170.860203 1 0 0 0 1 0 0 0 1 3004.dat
1 72 -188 -259.661462 170.860203 1 0 0 0 1 0 0 0 1 3004.dat
1 72 -188 -139.661462 230.860203 1 0 0 0 1 0 0 0 1 3004.dat
1 72 -188 -163.661462 230.860203 1 0 0 0 1 0 0 0 1 3004.dat
1 72 -188 -187.661462 230.860203 1 0 0 0 1 0 0 0 1 3004.dat
1 72 -188 -211.661462 230.860203 1 0 0 0 1 0 0 0 1 3004.dat
1 72 -188 -235.661462 230.860203 1 0 0 0 1 0 0 0 1 3004.dat
1 72 -188 -259.661462 230.860203 1 0 0 0 1 0 0 0 1 3004.dat
1 72 -188 -139.661462 290.860203 1 0 0 0 1 0 0 0 1 3004.dat
1 72 -188 -163.661462 290.860203 1 0 0 0 1 0 0 0 1 3004.dat
1 72 -188 -187.661462 290.860203 1 0 0 0 1 0 0 0 1 3004.dat
1 72 -188 -211.661462 290.860203 1 0 0 0 1 0 0 0 1 3004.dat
1 72 -188 -235.661462 290.860203 1 0 0 0 1 0 0 0 1 3004.dat
1 72 -188 -259.661462 290.860203 1 0 0 0 1 0 0 0 1 3004.dat
1 72 -188 -139.661462 590.860203 1 0 0 0 1 0 0 0 1 3004.dat
1 72 -188 -163.661462 590.860203 1 0 0 0 1 0 0 0 1 3004.dat
1 72 -188 -187.661462 590.860203 1 0 0 0 1 0 0 0 1 3004.dat
1 72 -188 -211.661462 590.860203 1 0 0 0 1 0 0 0 1 3004.dat
1 72 -188 -235.661462 590.860203 1 0 0 0 1 0 0 0 1 3004.dat
1 72 -188 -259.661462 590.860203 1 0 0 0 1 0 0 0 1 3004.dat
1 72 188 -139.661462 -609.139797 1 0 0 0 1 0 0 0 1 3004.dat
1 72 188 -163.661462 -609.139797 1 0 0 0 1 0 0 0 1 3004.dat
1 72 188 -187.661462 -609.139797 1 0 0 0 1 0 0 0 1 3004.dat
1 72 188 -211.661462 -609.139797 1 0 0 0 1 0 0 0 1 3004.dat
1 72 188 -235.661462 -609.139797 1 0 0 0 1 0 0 0 1 3004.dat
1 72 188 -259.661462 -609.139797 1 0 0 0 1 0 0 0 1 3004.dat
1 72 188 -283.661462 -609.139797 1 0 0 0 1 0 0 0 1 3004.dat
1 72 188 -139.661462 -549.139797 1 0 0 0 1 0 0 0 1 3004.dat
1 72 188 -163.661462 -549.139797 1 0 0 0 1 0 0 0 1 3004.dat
1 72 188 -187.661462 -549.139797 1 0 0 0 1 0 0 0 1 3004.dat
1 72 188 -211.661462 -549.139797 1 0 0 0 1 0 0 0 1 3004.dat
1 72 188 -235.661462 -549.139797 1 0 0 0 1 0 0 0 1 3004.dat
1 72 188 -259.661462 -549.139797 1 0 0 0 1 0 0 0 1 3004.dat
1 72 188 -283.661462 -549.139797 1 0 0 0 1 0 0 0 1 3004.dat
1 72 188 -139.661462 -249.139797 1 0 0 0 1 0 0 0 1 3004.dat
1 72 188 -163.661462 -249.139797 1 0 0 0 1 0 0 0 1 3004.dat
1 72 188 -187.661462 -249.139797 1 0 0 0 1 0 0 0 1 3004.dat
1 72 188 -211.661462 -249.139797 1 0 0 0 1 0 0 0 1 3004.dat
1 72 188 -235.661462 -249.139797 1 0 0 0 1 0 0 0 1 3004.dat
1 72 188 -259.661462 -249.139797 1 0 0 0 1 0 0 0 1 3004.dat
1 72 188 -139.661462 -189.139797 1 0 0 0 1 0 0 0 1 3004.dat
1 72 188 -163.661462 -189.139797 1 0 0 0 1 0 0 0 1 3004.dat
1 72 188 -187.661462 -189.139797 1 0 0 0 1 0 0 0 1 3004.dat
1 72 188 -211.661462 -189.139797 1 0 0 0 1 0 0 0 1 3004.dat
1 72 188 -235.661462 -189.139797 1 0 0 0 1 0 0 0 1 3004.dat
1 72 188 -259.661462 -189.139797 1 0 0 0 1 0 0 0 1 3004.dat
1 72 188 -139.661462 -129.139797 1 0 0 0 1 0 0 0 1 3004.dat
1 72 188 -163.661462 -129.139797 1 0 0 0 1 0 0 0 1 3004.dat
1 72 188 -187.661462 -129.139797 1 0 0 0 1 0 0 0 1 3004.dat
1 72 188 -211.661462 -129.139797 1 0 0 0 1 0 0 0 1 3004.dat
1 72 188 -235.661462 -129.139797 1 0 0 0 1 0 0 0 1 3004.dat
1 72 188 -259.661462 -129.139797 1 0 0 0 1 0 0 0 1 3004.dat
1 72 188 -139.661462 -69.1397968 1 0 0 0 1 0 0 0 1 3004.dat
1 72 188 -163.661462 -69.1397968 1 0 0 0 1 0 0 0 1 3004.dat
1 72 188 -187.661462 -69.1397968 1 0 0 0 1 0 0 0 1 3004.dat
1 72 188 -211.661462 -69.1397968 1 0 0 0 1 0 0 0 1 3004.dat
1 72 188 -235.661462 -69.1397968 1 0 0 0 1 0 0 0 1 3004.dat
1 72 188 -259.661462 -69.1397968 1 0 0 0 1 0 0 0 1 3004.dat
1 72 188 -139.661462 -9.1397968 1 0 0 0 1 0 0 0 1 3004.dat
1 72 188 -163.661462 -9.1397968 1 0 0 0 1 0 0 0 1 3004.dat
1 72 188 -187.661462 -9.1397968 1 0 0 0 1 0 0 0 1 3004.dat
1 72 188 -211.661462 -9.1397968 1 0 0 0 1 0 0 0 1 3004.dat
1 72 188 -235.661462 -9.1397968 1 0 0 0 1 0 0 0 1 3004.dat
1 72 188 -259.661462 -9.1397968 1 0 0 0 1 0 0 0 1 3004.dat
1 72 188 -139.661462 50.8602032 1 0 0 0 1 0 0 0 1 3004.dat
1 72 188 -163.661462 50.8602032 1 0 0 0 1 0 0 0 1 3004.dat
1 72 188 -187.661462 50.8602032 1 0 0 0 1 0 0 0 1 3004.dat
1 72 188 -211.661462 50.8602032 1 0 0 0 1 0 0 0 1 3004.dat
1 72 188 -235.661462 50.8602032 1 0 0 0 1 0 0 0 1 3004.dat
1 72 188 -259.661462 50.8602032 1 0 0 0 1 0 0 0 1 3004.dat
1 72 188 -139.661462 110.860203 1 0 0 0 1 0 0 0 1 3004.dat
1 72 188 -163.661462 110.860203 1 0 0 0 1 0 0 0 1 3004.dat
1 72 188 -187.661462 110.860203 1 0 0 0 1 0 0 0 1 3004.dat
1 72 188 -211.661462 110.860203 1 0 0 0 1 0 0 0 1 3004.dat
1 72 188 -235.661462 110.860203 1 0 0 0 1 0 0 0 1 3004.dat
1 72 188 -259.661462 110.860203 1 0 0 0 1 0 0 0 1 3004.dat
1 72 188 -139.661462 170.860203 1 0 0 0 1 0 0 0 1 3004.dat
1 72 188 -163.661462 170.860203 1 0 0 0 1 0 0 0 1 3004.dat
1 72 188 -187.661462 170.860203 1 0 0 0 1 0 0 0 1 3004.dat
1 72 188 -211.661462 170.860203 1 0 0 0 1 0 0 0 1 3004.dat
1 72 188 -235.661462 170.860203 1 0 0 0 1 0 0 0 1 3004.dat
1 72 188 -259.661462 170.860203 1 0 0 0 1 0 0 0 1 3004.dat
1 72 188 -139.661462 230.860203 1 0 0 0 1 0 0 0 1 3004.dat
1 72 188 -163.661462 230.860203 1 0 0 0 1 0 0 0 1 3004.dat
1 72 188 -187.661462 230.860203 1 0 0 0 1 0 0 0 1 3004.dat
1 72 188 -211.661462 230.860203 1 0 0 0 1 0 0 0 1 3004.dat
1 72 188 -235.661462 230.860203 1 0 0 0 1 0 0 0 1 3004.dat
1 72 188 -259.661462 230.860203 1 0 0 0 1 0 0 0 1 3004.dat
1 72 188 -139.661462 290.860203 1 0 0 0 1 0 0 0 1 3004.dat
1 72 188 -163.661462 290.860203 1 0 0 0 1 0 0 0 1 3004.dat
1 72 188 -187.661462 290.860203 1 0 0 0 1 0 0 0 1 3004.dat
1 72 188 -211.661462 290.860203 1 0 0 0 1 0 0 0 1 3004.dat
1 72 188 -235.661462 290.860203 1 0 0 0 1 0 0 0 1 3004.dat
1 72 188 -259.661462 290.860203 1 0 0 0 1 0 0 0 1 3004.dat
1 72 188 -139.661462 590.860203 1 0 0 0 1 0 0 0 1 3004.dat
1 72 188 -163.661462 590.860203 1 0 0 0 1 0 0 0 1 3004.dat
1 72 188 -187.661462 590.860203 1 0 0 0 1 0 0 0 1 3004.dat
1 72 188 -211.661462 590.860203 1 0 0 0 1 0 0 0 1 3004.dat
1 72 188 -235.661462 590.860203 1 0 0 0 1 0 0 0 1 3004.dat
1 72 188 -259.661462 590.860203 1 0 0 0 1 0 0 0 1 3004.dat
0 // shell attachment brackets
1 72 -194 -139.661462 -609.139797 0 0 1 0 1 0 -1 0 0 99781.dat
1 72 -194 -246.207874 -609.139797 0 0 1 0 1 0 -1 0 0 99781.dat
1 72 -194 -139.661462 -549.139797 0 0 1 0 1 0 -1 0 0 99781.dat
1 72 -194 -246.207874 -549.139797 0 0 1 0 1 0 -1 0 0 99781.dat
1 72 -194 -139.661462 -249.139797 0 0 1 0 1 0 -1 0 0 99781.dat
1 72 -194 -246.207874 -249.139797 0 0 1 0 1 0 -1 0 0 99781.dat
1 72 -194 -139.661462 -189.139797 0 0 1 0 1 0 -1 0 0 99781.dat
1 72 -194 -246.207874 -189.139797 0 0 1 0 1 0 -1 0 0 99781.dat
1 72 -194 -139.661462 -129.139797 0 0 1 0 1 0 -1 0 0 99781.dat
1 72 -194 -246.207874 -129.139797 0 0 1 0 1 0 -1 0 0 99781.dat
1 72 -194 -139.661462 -69.1397968 0 0 1 0 1 0 -1 0 0 99781.dat
1 72 -194 -246.207874 -69.1397968 0 0 1 0 1 0 -1 0 0 99781.dat
1 72 -194 -139.661462 -9.1397968 0 0 1 0 1 0 -1 0 0 99781.dat
1 72 -194 -246.207874 -9.1397968 0 0 1 0 1 0 -1 0 0 99781.dat
1 72 -194 -139.661462 50.8602032 0 0 1 0 1 0 -1 0 0 99781.dat
1 72 -194 -246.207874 50.8602032 0 0 1 0 1 0 -1 0 0 99781.dat
1 72 -194 -139.661462 110.860203 0 0 1 0 1 0 -1 0 0 99781.dat
1 72 -194 -246.207874 110.860203 0 0 1 0 1 0 -1 0 0 99781.dat
1 72 -194 -139.661462 170.860203 0 0 1 0 1 0 -1 0 0 99781.dat
1 72 -194 -246.207874 170.860203 0 0 1 0 1 0 -1 0 0 99781.dat
1 72 -194 -139.661462 230.860203 0 0 1 0 1 0 -1 0 0 99781.dat
1 72 -194 -246.207874 230.860203 0 0 1 0 1 0 -1 0 0 99781.dat
1 72 -194 -139.661462 290.860203 0 0 1 0 1 0 -1 0 0 99781.dat
1 72 -194 -246.207874 290.860203 0 0 1 0 1 0 -1 0 0 99781.dat
1 72 -194 -139.661462 590.860203 0 0 1 0 1 0 -1 0 0 99781.dat
1 72 -194 -246.207874 590.860203 0 0 1 0 1 0 -1 0 0 99781.dat
1 72 194 -139.661462 -609.139797 0 0 -1 0 1 0 1 0 0 99781.dat
1 72 194 -246.207874 -609.139797 0 0 -1 0 1 0 1 0 0 99781.dat
1 72 194 -139.661462 -549.139797 0 0 -1 0 1 0 1 0 0 99781.dat
1 72 194 -246.207874 -549.139797 0 0 -1 0 1 0 1 0 0 99781.dat
1 72 194 -139.661462 -249.139797 0 0 -1 0 1 0 1 0 0 99781.dat
1 72 194 -246.207874 -249.139797 0 0 -1 0 1 0 1 0 0 99781.dat
1 72 194 -139.661462 -189.139797 0 0 -1 0 1 0 1 0 0 99781.dat
1 72 194 -246.207874 -189.139797 0 0 -1 0 1 0 1 0 0 99781.dat
1 72 194 -139.661462 -129.139797 0 0 -1 0 1 0 1 0 0 99781.dat
1 72 194 -246.207874 -129.139797 0 0 -1 0 1 0 1 0 0 99781.dat
1 72 194 -139.661462 -69.1397968 0 0 -1 0 1 0 1 0 0 99781.dat
1 72 194 -246.207874 -69.1397968 0 0 -1 0 1 0 1 0 0 99781.dat
1 72 194 -139.661462 -9.1397968 0 0 -1 0 1 0 1 0 0 99781.dat
1 72 194 -246.207874 -9.1397968 0 0 -1 0 1 0 1 0 0 99781.dat
1 72 194 -139.661462 50.8602032 0 0 -1 0 1 0 1 0 0 99781.dat
1 72 194 -246.207874 50.8602032 0 0 -1 0 1 0 1 0 0 99781.dat
1 72 194 -139.661462 110.860203 0 0 -1 0 1 0 1 0 0 99781.dat
1 72 194 -246.207874 110.860203 0 0 -1 0 1 0 1 0 0 99781.dat
1 72 194 -139.661462 170.860203 0 0 -1 0 1 0 1 0 0 99781.dat
1 72 194 -246.207874 170.860203 0 0 -1 0 1 0 1 0 0 99781.dat
1 72 194 -139.661462 230.860203 0 0 -1 0 1 0 1 0 0 99781.dat
1 72 194 -246.207874 230.860203 0 0 -1 0 1 0 1 0 0 99781.dat
1 72 194 -139.661462 290.860203 0 0 -1 0 1 0 1 0 0 99781.dat
1 72 194 -246.207874 290.860203 0 0 -1 0 1 0 1 0 0 99781.dat
1 72 194 -139.661462 590.860203 0 0 -1 0 1 0 1 0 0 99781.dat
1 72 194 -246.207874 590.860203 0 0 -1 0 1 0 1 0 0 99781.dat
0 // beveled bumper lower edge
1 0 -200 -66.9380291 628.860203 1 0 0 0 1 0 0 0 1 15068.dat
1 0 -160 -66.9380291 628.860203 1 0 0 0 1 0 0 0 1 15068.dat
1 0 -120 -66.9380291 628.860203 1 0 0 0 1 0 0 0 1 15068.dat
1 0 -80 -66.9380291 628.860203 1 0 0 0 1 0 0 0 1 15068.dat
1 0 -40 -66.9380291 628.860203 1 0 0 0 1 0 0 0 1 15068.dat
1 0 0 -66.9380291 628.860203 1 0 0 0 1 0 0 0 1 15068.dat
1 0 40 -66.9380291 628.860203 1 0 0 0 1 0 0 0 1 15068.dat
1 0 80 -66.9380291 628.860203 1 0 0 0 1 0 0 0 1 15068.dat
1 0 120 -66.9380291 628.860203 1 0 0 0 1 0 0 0 1 15068.dat
1 0 160 -66.9380291 628.860203 1 0 0 0 1 0 0 0 1 15068.dat
1 0 200 -66.9380291 628.860203 1 0 0 0 1 0 0 0 1 15068.dat
1 0 -200 -66.9380291 -627.139797 -1 0 0 0 1 0 0 0 -1 15068.dat
1 0 -160 -66.9380291 -627.139797 -1 0 0 0 1 0 0 0 -1 15068.dat
1 0 -120 -66.9380291 -627.139797 -1 0 0 0 1 0 0 0 -1 15068.dat
1 0 -80 -66.9380291 -627.139797 -1 0 0 0 1 0 0 0 -1 15068.dat
1 0 -40 -66.9380291 -627.139797 -1 0 0 0 1 0 0 0 -1 15068.dat
1 0 0 -66.9380291 -627.139797 -1 0 0 0 1 0 0 0 -1 15068.dat
1 0 40 -66.9380291 -627.139797 -1 0 0 0 1 0 0 0 -1 15068.dat
1 0 80 -66.9380291 -627.139797 -1 0 0 0 1 0 0 0 -1 15068.dat
1 0 120 -66.9380291 -627.139797 -1 0 0 0 1 0 0 0 -1 15068.dat
1 0 160 -66.9380291 -627.139797 -1 0 0 0 1 0 0 0 -1 15068.dat
1 0 200 -66.9380291 -627.139797 -1 0 0 0 1 0 0 0 -1 15068.dat
0 // hood wedge corners
1 71 -210 -280.207874 471.584184 -1 0 0 0 1 0 0 0 -1 24307.dat
0 // cargo wheelhouse sloped ends
1 72 -175 -139.661462 -607.139797 1 0 0 0 1 0 0 0 1 3039.dat
1 72 -175 -139.661462 -237.785085 1 0 0 0 1 0 0 0 1 3039.dat
0 // hood wedge corners
1 71 210 -280.207874 471.584184 1 0 0 0 1 0 0 0 1 24299.dat
0 // cargo wheelhouse sloped ends
1 72 175 -139.661462 -607.139797 1 0 0 0 1 0 0 0 1 3039.dat
1 72 175 -139.661462 -237.785085 1 0 0 0 1 0 0 0 1 3039.dat
